,criterion,max_depth,max_features,min_impurity_decrease,n_estimators,Accuracy
0,gini,,10,0.0,100,0.84569357092942
1,entropy,,,0.0,100,0.8432914046121593
2,entropy,,sqrt,0.0,100,0.8411512928022362
3,entropy,,10,0.0,1000,0.8410639412997905
4,gini,,10,0.0,1000,0.8410202655485675
5,entropy,,,0.0,1000,0.8409765897973445
6,entropy,10.0,,0.0,1000,0.8409765897973445
7,entropy,10.0,,0.0,100,0.8409329140461217
8,gini,,sqrt,0.0,100,0.8387491264849756
9,entropy,,10,0.0,100,0.8387491264849756
10,gini,10.0,,0.0,1000,0.8386617749825297
11,gini,10.0,10,0.0,1000,0.8386180992313068
12,gini,,log2,0.0,1000,0.8364343116701608
13,entropy,,sqrt,0.0,1000,0.8363906359189378
14,gini,,sqrt,0.0,1000,0.8363906359189378
15,entropy,10.0,10,0.0,1000,0.8363469601677149
16,gini,10.0,10,0.0,100,0.8363032844164919
17,gini,10.0,,0.0,100,0.8363032844164919
18,gini,10.0,sqrt,0.0,100,0.8317173305380853
19,entropy,10.0,10,0.0,100,0.8316736547868624
20,gini,,log2,0.0,100,0.8294461914744934
21,entropy,,log2,0.0,1000,0.8294461914744934
22,gini,10.0,sqrt,0.0,1000,0.8293588399720475
23,entropy,10.0,sqrt,0.0,100,0.8270877009084556
24,entropy,,log2,0.0,100,0.8270877009084556
25,entropy,10.0,sqrt,0.0,1000,0.8270440251572327
26,entropy,10.0,,0.0,10,0.8269566736547869
27,gini,,,0.0,100,0.826912997903564
28,gini,,,0.0,1000,0.8269129979035639
29,entropy,10.0,log2,0.0,1000,0.8247728860936407
30,gini,5.0,10,0.0,1000,0.8246418588399721
31,entropy,10.0,10,0.0,10,0.8224143955276031
32,gini,10.0,log2,0.0,1000,0.8224143955276031
33,entropy,10.0,log2,0.0,100,0.8224143955276031
34,entropy,5.0,10,0.0,1000,0.8222833682739343
35,gini,10.0,,0.0,10,0.8221523410202656
36,gini,5.0,,0.0,1000,0.8199685534591195
37,gini,10.0,sqrt,0.0,10,0.8199248777078967
38,gini,5.0,,0.0,100,0.8199248777078965
39,gini,5.0,,0.0,10,0.8198812019566737
40,gini,10.0,10,0.0,10,0.8198375262054507
41,entropy,4.0,10,0.0,1000,0.8176537386443047
42,entropy,3.0,,0.0,10,0.8176100628930817
43,gini,3.0,,0.0,10,0.8176100628930817
44,gini,,,0.0,10,0.81743535988819
45,entropy,5.0,10,0.0,100,0.8153825995807128
46,gini,4.0,,0.0,10,0.8152952480782669
47,entropy,3.0,,0.0,1000,0.8152952480782669
48,entropy,3.0,,0.0,100,0.8152952480782669
49,entropy,4.0,,0.0,10,0.8152515723270439
50,entropy,5.0,,0.0,10,0.8152078965758212
51,gini,10.0,log2,0.0,100,0.8131114605171209
52,gini,4.0,10,0.0,1000,0.813024109014675
53,gini,5.0,10,0.0,100,0.812980433263452
54,entropy,4.0,,0.0,100,0.8129367575122293
55,gini,4.0,,0.0,100,0.8129367575122293
56,gini,4.0,,0.0,1000,0.8129367575122293
57,entropy,5.0,,0.0,100,0.8129367575122293
58,entropy,5.0,,0.0,1000,0.8129367575122293
59,entropy,4.0,,0.0,1000,0.8129367575122293
60,gini,3.0,,0.0,1000,0.8129367575122293
61,gini,3.0,,0.0,1,0.8128930817610063
62,entropy,10.0,sqrt,0.0,10,0.8107529699510831
63,gini,3.0,,0.0,100,0.8106219426974144
64,entropy,,10,0.0,10,0.8106219426974144
65,entropy,,,0.0,10,0.8104035639412999
66,entropy,5.0,sqrt,0.0,1000,0.8083508036338225
67,gini,5.0,sqrt,0.0,1000,0.8083508036338225
68,entropy,3.0,,0.0,1,0.8082634521313767
69,gini,,10,0.0,10,0.8082197763801537
70,entropy,4.0,10,0.0,100,0.8059923130677848
71,gini,4.0,10,0.0,100,0.8059923130677847
72,gini,,sqrt,0.0,10,0.8058612858141161
73,entropy,10.0,log2,0.0,10,0.8037648497554157
74,entropy,5.0,sqrt,0.0,100,0.803721174004193
75,gini,5.0,sqrt,0.0,100,0.80367749825297
76,gini,4.0,10,0.0,10,0.7990041928721174
77,entropy,,sqrt,0.0,10,0.7989605171208944
78,gini,5.0,sqrt,0.0,10,0.7968204053109713
79,entropy,,1,0.0,100,0.7943308874912649
80,gini,10.0,,0.0,1,0.7942435359888191
81,gini,4.0,,0.0,1,0.794243535988819
82,gini,,log2,0.0,10,0.7941125087351503
83,gini,10.0,log2,0.0,10,0.792059748427673
84,entropy,4.0,,0.0,1,0.7919287211740043
85,entropy,4.0,sqrt,0.0,1000,0.7897012578616351
86,gini,,1,0.0,1000,0.7896575821104124
87,gini,5.0,10,0.0,10,0.7896575821104123
88,gini,,1,0.0,100,0.7896139063591894
89,entropy,,log2,0.0,10,0.7895702306079665
90,entropy,5.0,,0.0,1,0.7873427672955975
91,entropy,5.0,sqrt,0.0,10,0.7872990915443745
92,entropy,5.0,10,0.0,10,0.7850716282320056
93,entropy,3.0,10,0.0,1000,0.7850279524807826
94,gini,4.0,sqrt,0.0,1000,0.7849842767295598
95,entropy,4.0,10,0.0,10,0.7849842767295598
96,entropy,3.0,10,0.0,10,0.7849406009783368
97,gini,5.0,,0.0,1,0.7848969252271139
98,entropy,5.0,log2,0.0,1000,0.7827568134171907
99,entropy,,1,0.0,1000,0.782669461914745
100,entropy,4.0,sqrt,0.0,10,0.7779961565338924
101,gini,3.0,10,0.0,10,0.7779088050314465
102,gini,4.0,sqrt,0.0,100,0.7758123689727463
103,entropy,4.0,sqrt,0.0,100,0.7757686932215234
104,entropy,3.0,10,0.0,100,0.7755939902166317
105,gini,4.0,sqrt,0.0,10,0.770964360587002
106,gini,3.0,10,0.0,1000,0.7663784067085954
107,entropy,,1,0.0,10,0.7642382948986722
108,gini,5.0,log2,0.0,1000,0.7640199161425577
109,gini,3.0,sqrt,0.0,100,0.7617924528301887
110,gini,3.0,10,0.0,100,0.7617051013277428
111,gini,5.0,log2,0.0,100,0.7594776380153738
112,entropy,10.0,1,0.0,100,0.7593029350104822
113,entropy,5.0,log2,0.0,100,0.7570754716981132
114,gini,4.0,log2,0.0,1000,0.7547606568832983
115,entropy,3.0,sqrt,0.0,10,0.7547169811320755
116,gini,4.0,log2,0.0,100,0.7524458420684836
117,entropy,3.0,sqrt,0.0,100,0.7501310272536688
118,entropy,3.0,sqrt,0.0,1000,0.7500873515024458
119,entropy,4.0,log2,0.0,100,0.7500436757512229
120,gini,10.0,1,0.0,100,0.75
121,entropy,4.0,log2,0.0,1000,0.7477725366876311
122,gini,3.0,sqrt,0.0,1000,0.7477288609364081
123,entropy,10.0,,0.0,1,0.7452393431167017
124,gini,3.0,log2,0.0,1000,0.7430118798043326
125,gini,10.0,10,0.0,1,0.7427061495457722
126,gini,,,0.0,1,0.7427061495457722
127,entropy,5.0,log2,0.0,10,0.7407407407407407
128,gini,3.0,log2,0.0,100,0.7407407407407407
129,gini,3.0,sqrt,0.0,10,0.740609713487072
130,entropy,3.0,log2,0.0,1000,0.7360237596086653
131,entropy,3.0,log2,0.0,100,0.7360237596086652
132,entropy,10.0,1,0.0,10,0.7357617051013277
133,entropy,,,0.0,1,0.7334905660377359
134,gini,10.0,1,0.0,1000,0.7313067784765898
135,gini,5.0,log2,0.0,10,0.7312631027253669
136,gini,4.0,log2,0.0,10,0.7291229909154437
137,entropy,10.0,1,0.0,1000,0.728948287910552
138,gini,,1,0.0,10,0.7244060097833683
139,entropy,4.0,log2,0.0,10,0.7244060097833682
140,gini,,10,0.0,1,0.7242313067784767
141,gini,10.0,1,0.0,10,0.7103424178895876
142,gini,3.0,log2,0.0,10,0.7056254367575122
143,entropy,3.0,log2,0.0,10,0.7009084556254368
144,entropy,,log2,0.0,1,0.6982879105520615
145,gini,5.0,10,0.0,1,0.69632250174703
146,gini,,sqrt,0.0,1,0.6958420684835779
147,gini,,log2,0.0,1,0.6938329839273235
148,gini,10.0,sqrt,0.0,1,0.690863032844165
149,gini,10.0,log2,0.0,1,0.6895527603074774
150,gini,5.0,log2,0.0,1,0.6894217330538086
151,entropy,5.0,10,0.0,1,0.6843116701607268
152,entropy,10.0,10,0.0,1,0.6824336128581412
153,gini,5.0,1,0.0,100,0.6775856044723969
154,gini,3.0,log2,0.0,1,0.6773672257162824
155,entropy,4.0,sqrt,0.0,1,0.6771925227113906
156,gini,3.0,sqrt,0.0,1,0.675270789657582
157,entropy,5.0,1,0.0,10,0.6730433263452131
158,gini,5.0,sqrt,0.0,1,0.6706848357791755
159,entropy,5.0,1,0.0,100,0.6705974842767296
160,gini,4.0,10,0.0,1,0.6702480782669462
161,gini,5.0,1,0.0,10,0.6683700209643606
162,entropy,10.0,log2,0.0,1,0.6635656883298392
163,entropy,10.0,sqrt,0.0,1,0.6613819007686932
164,gini,4.0,sqrt,0.0,1,0.6589360587002095
165,entropy,,10,0.0,1,0.6540880503144655
166,gini,4.0,log2,0.0,1,0.6540880503144654
167,entropy,5.0,log2,0.0,1,0.6521226415094339
168,entropy,5.0,1,0.0,1000,0.6519042627533194
169,gini,5.0,1,0.0,1000,0.6518605870020964
170,entropy,4.0,log2,0.0,1,0.6426450034940601
171,entropy,3.0,log2,0.0,1,0.6401118099231307
172,entropy,4.0,1,0.0,100,0.6378406708595388
173,gini,4.0,1,0.0,100,0.6378406708595388
174,gini,3.0,10,0.0,1,0.6377969951083159
175,entropy,4.0,10,0.0,1,0.6355695317959469
176,gini,,1,0.0,1,0.6287124388539482
177,gini,4.0,1,0.0,1000,0.6238644304682041
178,entropy,,1,0.0,1,0.6220737246680642
179,entropy,4.0,1,0.0,1000,0.6215059399021663
180,gini,10.0,1,0.0,1,0.6193658280922432
181,entropy,3.0,10,0.0,1,0.6191037735849056
182,entropy,4.0,1,0.0,10,0.6145614954577219
183,entropy,,sqrt,0.0,1,0.614474143955276
184,gini,4.0,1,0.0,10,0.6121593291404612
185,gini,3.0,1,0.0,100,0.6051275331935709
186,entropy,5.0,sqrt,0.0,1,0.6050401816911251
187,entropy,3.0,1,0.0,100,0.6028127183787562
188,entropy,3.0,1,0.0,10,0.5982704402515723
189,gini,3.0,1,0.0,10,0.5982267645003494
190,entropy,3.0,1,0.0,1000,0.5980957372466806
191,gini,3.0,1,0.0,1000,0.5980957372466806
192,entropy,10.0,1,0.0,1,0.5933787561146051
193,entropy,4.0,,3.0,1000,0.5841194968553458
194,entropy,4.0,,3.0,100,0.5841194968553458
195,entropy,,,5.0,1000,0.5841194968553458
196,entropy,4.0,,4.0,1,0.5841194968553458
197,entropy,,,5.0,100,0.5841194968553458
198,entropy,4.0,,5.0,100,0.5841194968553458
199,entropy,4.0,,4.0,10,0.5841194968553458
200,entropy,4.0,,4.0,100,0.5841194968553458
201,entropy,,1,1.0,1,0.5841194968553458
202,entropy,4.0,,4.0,1000,0.5841194968553458
203,entropy,4.0,,5.0,1,0.5841194968553458
204,entropy,4.0,,5.0,1000,0.5841194968553458
205,entropy,4.0,,3.0,10,0.5841194968553458
206,entropy,4.0,,5.0,10,0.5841194968553458
207,entropy,10.0,10,3.0,1,0.5841194968553458
208,entropy,4.0,,3.0,1,0.5841194968553458
209,entropy,4.0,,2.0,1000,0.5841194968553458
210,entropy,4.0,log2,3.0,100,0.5841194968553458
211,entropy,4.0,log2,3.0,1000,0.5841194968553458
212,entropy,4.0,log2,4.0,1,0.5841194968553458
213,entropy,4.0,log2,4.0,10,0.5841194968553458
214,entropy,4.0,log2,4.0,100,0.5841194968553458
215,entropy,4.0,log2,4.0,1000,0.5841194968553458
216,entropy,4.0,log2,5.0,1,0.5841194968553458
217,entropy,4.0,log2,5.0,10,0.5841194968553458
218,entropy,4.0,log2,5.0,100,0.5841194968553458
219,entropy,4.0,log2,5.0,1000,0.5841194968553458
220,entropy,,1,3.0,1,0.5841194968553458
221,entropy,,1,2.0,1000,0.5841194968553458
222,entropy,,1,2.0,100,0.5841194968553458
223,entropy,,1,2.0,10,0.5841194968553458
224,entropy,4.0,,1.0,1,0.5841194968553458
225,entropy,4.0,,1.0,10,0.5841194968553458
226,entropy,,1,2.0,1,0.5841194968553458
227,entropy,,1,1.0,1000,0.5841194968553458
228,entropy,,1,1.0,100,0.5841194968553458
229,entropy,,1,1.0,10,0.5841194968553458
230,entropy,4.0,1,1.0,1,0.5841194968553458
231,entropy,4.0,,1.0,1000,0.5841194968553458
232,entropy,4.0,,2.0,1,0.5841194968553458
233,entropy,4.0,,2.0,10,0.5841194968553458
234,entropy,4.0,,2.0,100,0.5841194968553458
235,entropy,4.0,,1.0,100,0.5841194968553458
236,entropy,4.0,1,3.0,100,0.5841194968553458
237,entropy,4.0,1,1.0,10,0.5841194968553458
238,entropy,,,3.0,1,0.5841194968553458
239,entropy,4.0,10,2.0,10,0.5841194968553458
240,entropy,4.0,10,2.0,100,0.5841194968553458
241,entropy,4.0,10,2.0,1000,0.5841194968553458
242,entropy,4.0,10,3.0,1,0.5841194968553458
243,entropy,4.0,10,3.0,10,0.5841194968553458
244,entropy,4.0,10,3.0,100,0.5841194968553458
245,entropy,4.0,10,3.0,1000,0.5841194968553458
246,entropy,4.0,10,4.0,1,0.5841194968553458
247,entropy,4.0,10,4.0,10,0.5841194968553458
248,entropy,4.0,10,4.0,100,0.5841194968553458
249,entropy,,,3.0,100,0.5841194968553458
250,entropy,,,3.0,10,0.5841194968553458
251,entropy,4.0,10,4.0,1000,0.5841194968553458
252,entropy,4.0,1,1.0,100,0.5841194968553458
253,entropy,4.0,10,5.0,1,0.5841194968553458
254,entropy,4.0,10,5.0,10,0.5841194968553458
255,entropy,4.0,10,5.0,100,0.5841194968553458
256,entropy,4.0,10,5.0,1000,0.5841194968553458
257,entropy,,,2.0,1000,0.5841194968553458
258,entropy,,,2.0,100,0.5841194968553458
259,entropy,5.0,sqrt,1.0,1,0.5841194968553458
260,entropy,5.0,sqrt,1.0,10,0.5841194968553458
261,entropy,5.0,sqrt,1.0,100,0.5841194968553458
262,entropy,5.0,sqrt,1.0,1000,0.5841194968553458
263,entropy,5.0,sqrt,2.0,1,0.5841194968553458
264,entropy,5.0,sqrt,2.0,10,0.5841194968553458
265,entropy,4.0,10,2.0,1,0.5841194968553458
266,entropy,4.0,10,1.0,1000,0.5841194968553458
267,entropy,4.0,10,1.0,100,0.5841194968553458
268,entropy,4.0,10,1.0,10,0.5841194968553458
269,entropy,4.0,1,1.0,1000,0.5841194968553458
270,entropy,4.0,1,2.0,1,0.5841194968553458
271,entropy,4.0,1,2.0,10,0.5841194968553458
272,entropy,4.0,1,2.0,100,0.5841194968553458
273,entropy,4.0,1,2.0,1000,0.5841194968553458
274,entropy,4.0,1,3.0,1,0.5841194968553458
275,entropy,4.0,1,3.0,10,0.5841194968553458
276,entropy,4.0,log2,3.0,1,0.5841194968553458
277,entropy,4.0,1,3.0,1000,0.5841194968553458
278,entropy,4.0,1,4.0,1,0.5841194968553458
279,entropy,4.0,1,4.0,10,0.5841194968553458
280,entropy,4.0,1,4.0,100,0.5841194968553458
281,entropy,4.0,1,4.0,1000,0.5841194968553458
282,entropy,4.0,1,5.0,1,0.5841194968553458
283,entropy,4.0,1,5.0,10,0.5841194968553458
284,entropy,4.0,1,5.0,100,0.5841194968553458
285,entropy,,,5.0,10,0.5841194968553458
286,entropy,,,5.0,1,0.5841194968553458
287,entropy,,,4.0,1000,0.5841194968553458
288,entropy,,,4.0,100,0.5841194968553458
289,entropy,4.0,1,5.0,1000,0.5841194968553458
290,entropy,,,4.0,10,0.5841194968553458
291,entropy,,,4.0,1,0.5841194968553458
292,entropy,,,3.0,1000,0.5841194968553458
293,entropy,4.0,10,1.0,1,0.5841194968553458
294,entropy,4.0,log2,3.0,10,0.5841194968553458
295,entropy,4.0,log2,1.0,100,0.5841194968553458
296,entropy,4.0,log2,2.0,1000,0.5841194968553458
297,entropy,3.0,1,5.0,10,0.5841194968553458
298,entropy,3.0,1,2.0,10,0.5841194968553458
299,entropy,3.0,1,2.0,100,0.5841194968553458
300,entropy,3.0,1,2.0,1000,0.5841194968553458
301,entropy,3.0,1,3.0,1,0.5841194968553458
302,entropy,3.0,1,3.0,10,0.5841194968553458
303,entropy,3.0,1,3.0,100,0.5841194968553458
304,entropy,3.0,1,3.0,1000,0.5841194968553458
305,entropy,3.0,1,4.0,1,0.5841194968553458
306,entropy,3.0,1,4.0,10,0.5841194968553458
307,entropy,3.0,1,4.0,100,0.5841194968553458
308,entropy,3.0,1,4.0,1000,0.5841194968553458
309,entropy,3.0,1,5.0,1,0.5841194968553458
310,entropy,,10,4.0,1,0.5841194968553458
311,entropy,3.0,1,1.0,1000,0.5841194968553458
312,entropy,,10,3.0,1000,0.5841194968553458
313,entropy,,10,3.0,100,0.5841194968553458
314,entropy,,10,3.0,10,0.5841194968553458
315,entropy,3.0,1,5.0,100,0.5841194968553458
316,entropy,3.0,1,5.0,1000,0.5841194968553458
317,entropy,,10,3.0,1,0.5841194968553458
318,entropy,,10,2.0,1000,0.5841194968553458
319,entropy,,10,2.0,100,0.5841194968553458
320,entropy,3.0,10,1.0,1,0.5841194968553458
321,entropy,3.0,10,1.0,10,0.5841194968553458
322,entropy,3.0,10,1.0,100,0.5841194968553458
323,entropy,3.0,10,1.0,1000,0.5841194968553458
324,entropy,3.0,1,2.0,1,0.5841194968553458
325,entropy,3.0,1,1.0,100,0.5841194968553458
326,entropy,4.0,log2,2.0,100,0.5841194968553458
327,entropy,3.0,,3.0,1000,0.5841194968553458
328,entropy,,10,5.0,100,0.5841194968553458
329,entropy,,10,5.0,10,0.5841194968553458
330,entropy,,10,5.0,1,0.5841194968553458
331,entropy,3.0,,1.0,100,0.5841194968553458
332,entropy,3.0,,1.0,1000,0.5841194968553458
333,entropy,3.0,,2.0,1,0.5841194968553458
334,entropy,3.0,,2.0,10,0.5841194968553458
335,entropy,3.0,,2.0,100,0.5841194968553458
336,entropy,3.0,,2.0,1000,0.5841194968553458
337,entropy,3.0,,3.0,1,0.5841194968553458
338,entropy,3.0,,3.0,10,0.5841194968553458
339,entropy,3.0,,3.0,100,0.5841194968553458
340,entropy,3.0,,4.0,1,0.5841194968553458
341,entropy,3.0,1,1.0,10,0.5841194968553458
342,entropy,3.0,,4.0,10,0.5841194968553458
343,entropy,3.0,,4.0,100,0.5841194968553458
344,entropy,3.0,,4.0,1000,0.5841194968553458
345,entropy,3.0,,5.0,1,0.5841194968553458
346,entropy,3.0,,5.0,10,0.5841194968553458
347,entropy,3.0,,5.0,100,0.5841194968553458
348,entropy,3.0,,5.0,1000,0.5841194968553458
349,entropy,3.0,1,0.0,1,0.5841194968553458
350,entropy,,10,4.0,1000,0.5841194968553458
351,entropy,,10,4.0,100,0.5841194968553458
352,entropy,,10,4.0,10,0.5841194968553458
353,entropy,3.0,1,1.0,1,0.5841194968553458
354,entropy,3.0,10,2.0,1,0.5841194968553458
355,entropy,3.0,10,2.0,10,0.5841194968553458
356,entropy,3.0,10,2.0,100,0.5841194968553458
357,entropy,4.0,sqrt,5.0,1000,0.5841194968553458
358,entropy,,1,5.0,100,0.5841194968553458
359,entropy,,1,5.0,10,0.5841194968553458
360,entropy,,1,5.0,1,0.5841194968553458
361,entropy,4.0,sqrt,3.0,100,0.5841194968553458
362,entropy,4.0,sqrt,3.0,1000,0.5841194968553458
363,entropy,4.0,sqrt,4.0,1,0.5841194968553458
364,entropy,4.0,sqrt,4.0,10,0.5841194968553458
365,entropy,4.0,sqrt,4.0,100,0.5841194968553458
366,entropy,4.0,sqrt,4.0,1000,0.5841194968553458
367,entropy,4.0,sqrt,5.0,1,0.5841194968553458
368,entropy,4.0,sqrt,5.0,10,0.5841194968553458
369,entropy,4.0,sqrt,5.0,100,0.5841194968553458
370,entropy,,1,4.0,1000,0.5841194968553458
371,entropy,3.0,10,2.0,1000,0.5841194968553458
372,entropy,,1,4.0,100,0.5841194968553458
373,entropy,,1,4.0,10,0.5841194968553458
374,entropy,4.0,log2,1.0,1,0.5841194968553458
375,entropy,4.0,log2,1.0,10,0.5841194968553458
376,entropy,5.0,sqrt,2.0,1000,0.5841194968553458
377,entropy,4.0,log2,1.0,1000,0.5841194968553458
378,entropy,4.0,log2,2.0,1,0.5841194968553458
379,entropy,4.0,log2,2.0,10,0.5841194968553458
380,entropy,,1,4.0,1,0.5841194968553458
381,entropy,,1,3.0,1000,0.5841194968553458
382,entropy,,1,3.0,100,0.5841194968553458
383,entropy,,1,3.0,10,0.5841194968553458
384,entropy,4.0,sqrt,3.0,10,0.5841194968553458
385,entropy,4.0,sqrt,3.0,1,0.5841194968553458
386,entropy,4.0,sqrt,2.0,1000,0.5841194968553458
387,entropy,4.0,sqrt,2.0,100,0.5841194968553458
388,entropy,3.0,10,3.0,1,0.5841194968553458
389,entropy,3.0,10,3.0,10,0.5841194968553458
390,entropy,3.0,10,3.0,100,0.5841194968553458
391,entropy,3.0,10,3.0,1000,0.5841194968553458
392,entropy,3.0,10,4.0,1,0.5841194968553458
393,entropy,3.0,10,4.0,10,0.5841194968553458
394,entropy,,10,2.0,10,0.5841194968553458
395,entropy,,10,2.0,1,0.5841194968553458
396,entropy,,10,1.0,1000,0.5841194968553458
397,entropy,,10,1.0,100,0.5841194968553458
398,entropy,3.0,10,4.0,100,0.5841194968553458
399,entropy,3.0,10,4.0,1000,0.5841194968553458
400,entropy,3.0,10,5.0,1,0.5841194968553458
401,entropy,3.0,10,5.0,10,0.5841194968553458
402,entropy,3.0,10,5.0,100,0.5841194968553458
403,entropy,3.0,10,5.0,1000,0.5841194968553458
404,entropy,,10,1.0,10,0.5841194968553458
405,entropy,,10,1.0,1,0.5841194968553458
406,entropy,,1,5.0,1000,0.5841194968553458
407,entropy,4.0,sqrt,1.0,1,0.5841194968553458
408,entropy,4.0,sqrt,1.0,10,0.5841194968553458
409,entropy,4.0,sqrt,1.0,100,0.5841194968553458
410,entropy,4.0,sqrt,1.0,1000,0.5841194968553458
411,entropy,4.0,sqrt,2.0,1,0.5841194968553458
412,entropy,4.0,sqrt,2.0,10,0.5841194968553458
413,entropy,5.0,sqrt,2.0,100,0.5841194968553458
414,entropy,5.0,sqrt,4.0,100,0.5841194968553458
415,entropy,5.0,sqrt,3.0,1,0.5841194968553458
416,entropy,10.0,log2,3.0,100,0.5841194968553458
417,entropy,10.0,log2,1.0,10,0.5841194968553458
418,entropy,10.0,log2,1.0,100,0.5841194968553458
419,entropy,10.0,log2,1.0,1000,0.5841194968553458
420,entropy,10.0,log2,2.0,1,0.5841194968553458
421,entropy,10.0,log2,2.0,10,0.5841194968553458
422,entropy,10.0,log2,2.0,100,0.5841194968553458
423,entropy,10.0,log2,2.0,1000,0.5841194968553458
424,entropy,10.0,log2,3.0,1,0.5841194968553458
425,entropy,,sqrt,2.0,1000,0.5841194968553458
426,entropy,,sqrt,2.0,100,0.5841194968553458
427,entropy,,sqrt,2.0,10,0.5841194968553458
428,entropy,10.0,log2,3.0,10,0.5841194968553458
429,entropy,10.0,log2,3.0,1000,0.5841194968553458
430,entropy,,sqrt,3.0,1,0.5841194968553458
431,entropy,10.0,log2,4.0,1,0.5841194968553458
432,entropy,10.0,log2,4.0,10,0.5841194968553458
433,entropy,10.0,log2,4.0,100,0.5841194968553458
434,entropy,10.0,log2,4.0,1000,0.5841194968553458
435,entropy,10.0,log2,5.0,1,0.5841194968553458
436,entropy,10.0,log2,5.0,10,0.5841194968553458
437,entropy,10.0,log2,5.0,100,0.5841194968553458
438,entropy,10.0,log2,5.0,1000,0.5841194968553458
439,entropy,,sqrt,2.0,1,0.5841194968553458
440,entropy,,sqrt,1.0,1000,0.5841194968553458
441,entropy,,sqrt,1.0,100,0.5841194968553458
442,entropy,,sqrt,1.0,10,0.5841194968553458
443,entropy,10.0,log2,1.0,1,0.5841194968553458
444,entropy,,sqrt,3.0,10,0.5841194968553458
445,entropy,5.0,10,5.0,100,0.5841194968553458
446,entropy,10.0,sqrt,3.0,10,0.5841194968553458
447,entropy,,sqrt,5.0,1,0.5841194968553458
448,entropy,,sqrt,4.0,1000,0.5841194968553458
449,entropy,,sqrt,4.0,100,0.5841194968553458
450,entropy,10.0,sqrt,1.0,1,0.5841194968553458
451,entropy,10.0,sqrt,1.0,10,0.5841194968553458
452,entropy,10.0,sqrt,1.0,100,0.5841194968553458
453,entropy,10.0,sqrt,1.0,1000,0.5841194968553458
454,entropy,10.0,sqrt,2.0,1,0.5841194968553458
455,entropy,10.0,sqrt,2.0,10,0.5841194968553458
456,entropy,10.0,sqrt,2.0,100,0.5841194968553458
457,entropy,10.0,sqrt,2.0,1000,0.5841194968553458
458,entropy,10.0,sqrt,3.0,1,0.5841194968553458
459,entropy,10.0,sqrt,3.0,100,0.5841194968553458
460,entropy,,sqrt,3.0,100,0.5841194968553458
461,entropy,10.0,sqrt,3.0,1000,0.5841194968553458
462,entropy,10.0,sqrt,4.0,1,0.5841194968553458
463,entropy,,sqrt,4.0,10,0.5841194968553458
464,entropy,,sqrt,4.0,1,0.5841194968553458
465,entropy,,sqrt,3.0,1000,0.5841194968553458
466,entropy,10.0,sqrt,4.0,10,0.5841194968553458
467,entropy,10.0,sqrt,4.0,100,0.5841194968553458
468,entropy,10.0,sqrt,4.0,1000,0.5841194968553458
469,entropy,10.0,sqrt,5.0,1,0.5841194968553458
470,entropy,10.0,sqrt,5.0,10,0.5841194968553458
471,entropy,10.0,sqrt,5.0,100,0.5841194968553458
472,entropy,10.0,sqrt,5.0,1000,0.5841194968553458
473,entropy,10.0,,1.0,1,0.5841194968553458
474,entropy,10.0,,1.0,10,0.5841194968553458
475,entropy,10.0,,1.0,100,0.5841194968553458
476,entropy,10.0,10,4.0,1000,0.5841194968553458
477,entropy,10.0,1,3.0,10,0.5841194968553458
478,entropy,10.0,1,3.0,100,0.5841194968553458
479,entropy,10.0,1,3.0,1000,0.5841194968553458
480,entropy,10.0,1,4.0,1,0.5841194968553458
481,entropy,10.0,1,4.0,10,0.5841194968553458
482,entropy,10.0,1,4.0,100,0.5841194968553458
483,entropy,10.0,1,4.0,1000,0.5841194968553458
484,entropy,10.0,1,5.0,1,0.5841194968553458
485,entropy,10.0,1,5.0,10,0.5841194968553458
486,entropy,10.0,1,5.0,100,0.5841194968553458
487,entropy,10.0,1,5.0,1000,0.5841194968553458
488,entropy,10.0,10,5.0,1,0.5841194968553458
489,entropy,10.0,10,4.0,100,0.5841194968553458
490,entropy,10.0,,1.0,1000,0.5841194968553458
491,entropy,10.0,10,4.0,10,0.5841194968553458
492,entropy,10.0,10,4.0,1,0.5841194968553458
493,entropy,10.0,10,3.0,1000,0.5841194968553458
494,entropy,10.0,10,3.0,100,0.5841194968553458
495,entropy,10.0,10,3.0,10,0.5841194968553458
496,entropy,10.0,10,1.0,1,0.5841194968553458
497,entropy,10.0,10,1.0,10,0.5841194968553458
498,entropy,10.0,10,1.0,100,0.5841194968553458
499,entropy,10.0,10,1.0,1000,0.5841194968553458
500,entropy,10.0,10,2.0,1,0.5841194968553458
501,entropy,10.0,10,2.0,10,0.5841194968553458
502,entropy,10.0,10,2.0,100,0.5841194968553458
503,entropy,10.0,1,3.0,1,0.5841194968553458
504,entropy,10.0,1,2.0,1000,0.5841194968553458
505,entropy,10.0,1,2.0,100,0.5841194968553458
506,entropy,10.0,1,2.0,10,0.5841194968553458
507,entropy,10.0,,2.0,1,0.5841194968553458
508,entropy,,sqrt,1.0,1,0.5841194968553458
509,entropy,10.0,10,5.0,1000,0.5841194968553458
510,entropy,10.0,,2.0,10,0.5841194968553458
511,entropy,10.0,,2.0,100,0.5841194968553458
512,entropy,10.0,,2.0,1000,0.5841194968553458
513,entropy,10.0,,3.0,1,0.5841194968553458
514,entropy,10.0,,3.0,10,0.5841194968553458
515,entropy,10.0,,3.0,100,0.5841194968553458
516,entropy,10.0,,3.0,1000,0.5841194968553458
517,entropy,10.0,,4.0,1,0.5841194968553458
518,entropy,10.0,,4.0,10,0.5841194968553458
519,entropy,10.0,,4.0,100,0.5841194968553458
520,entropy,10.0,,4.0,1000,0.5841194968553458
521,entropy,10.0,,5.0,1,0.5841194968553458
522,entropy,10.0,,5.0,10,0.5841194968553458
523,entropy,10.0,,5.0,100,0.5841194968553458
524,entropy,10.0,,5.0,1000,0.5841194968553458
525,entropy,10.0,10,5.0,100,0.5841194968553458
526,entropy,10.0,10,5.0,10,0.5841194968553458
527,entropy,10.0,1,1.0,1,0.5841194968553458
528,entropy,10.0,1,1.0,10,0.5841194968553458
529,entropy,10.0,1,1.0,100,0.5841194968553458
530,entropy,10.0,1,1.0,1000,0.5841194968553458
531,entropy,10.0,1,2.0,1,0.5841194968553458
532,entropy,5.0,10,5.0,1000,0.5841194968553458
533,entropy,5.0,10,5.0,10,0.5841194968553458
534,entropy,5.0,sqrt,3.0,10,0.5841194968553458
535,entropy,,log2,4.0,10,0.5841194968553458
536,entropy,5.0,log2,3.0,1000,0.5841194968553458
537,entropy,5.0,log2,4.0,1,0.5841194968553458
538,entropy,5.0,log2,4.0,10,0.5841194968553458
539,entropy,5.0,log2,4.0,100,0.5841194968553458
540,entropy,5.0,log2,4.0,1000,0.5841194968553458
541,entropy,5.0,log2,5.0,1,0.5841194968553458
542,entropy,5.0,log2,5.0,10,0.5841194968553458
543,entropy,5.0,log2,5.0,100,0.5841194968553458
544,entropy,5.0,log2,5.0,1000,0.5841194968553458
545,entropy,,log2,5.0,1,0.5841194968553458
546,entropy,,log2,4.0,1000,0.5841194968553458
547,entropy,,log2,4.0,100,0.5841194968553458
548,entropy,5.0,,1.0,1,0.5841194968553458
549,entropy,5.0,log2,3.0,10,0.5841194968553458
550,entropy,5.0,,1.0,10,0.5841194968553458
551,entropy,5.0,,1.0,100,0.5841194968553458
552,entropy,,log2,4.0,1,0.5841194968553458
553,entropy,,log2,3.0,1000,0.5841194968553458
554,entropy,,log2,3.0,100,0.5841194968553458
555,entropy,5.0,,1.0,1000,0.5841194968553458
556,entropy,5.0,,2.0,1,0.5841194968553458
557,entropy,5.0,,2.0,10,0.5841194968553458
558,entropy,5.0,,2.0,100,0.5841194968553458
559,entropy,5.0,,2.0,1000,0.5841194968553458
560,entropy,5.0,,3.0,1,0.5841194968553458
561,entropy,5.0,,3.0,10,0.5841194968553458
562,entropy,5.0,log2,3.0,100,0.5841194968553458
563,entropy,5.0,log2,3.0,1,0.5841194968553458
564,entropy,,sqrt,5.0,10,0.5841194968553458
565,entropy,,,1.0,1000,0.5841194968553458
566,entropy,5.0,sqrt,3.0,100,0.5841194968553458
567,entropy,,,2.0,10,0.5841194968553458
568,entropy,,,2.0,1,0.5841194968553458
569,entropy,5.0,sqrt,3.0,1000,0.5841194968553458
570,entropy,5.0,sqrt,4.0,1,0.5841194968553458
571,entropy,5.0,sqrt,4.0,10,0.5841194968553458
572,entropy,10.0,10,2.0,1000,0.5841194968553458
573,entropy,5.0,sqrt,4.0,1000,0.5841194968553458
574,entropy,5.0,sqrt,5.0,1,0.5841194968553458
575,entropy,5.0,sqrt,5.0,10,0.5841194968553458
576,entropy,5.0,sqrt,5.0,100,0.5841194968553458
577,entropy,5.0,sqrt,5.0,1000,0.5841194968553458
578,entropy,,,1.0,100,0.5841194968553458
579,entropy,5.0,log2,2.0,1000,0.5841194968553458
580,entropy,,,1.0,10,0.5841194968553458
581,entropy,5.0,log2,1.0,1,0.5841194968553458
582,entropy,5.0,log2,1.0,10,0.5841194968553458
583,entropy,5.0,log2,1.0,100,0.5841194968553458
584,entropy,5.0,log2,1.0,1000,0.5841194968553458
585,entropy,5.0,log2,2.0,1,0.5841194968553458
586,entropy,5.0,log2,2.0,10,0.5841194968553458
587,entropy,5.0,log2,2.0,100,0.5841194968553458
588,entropy,,,1.0,1,0.5841194968553458
589,entropy,,log2,5.0,1000,0.5841194968553458
590,entropy,,log2,5.0,100,0.5841194968553458
591,entropy,,log2,5.0,10,0.5841194968553458
592,entropy,5.0,,3.0,100,0.5841194968553458
593,entropy,5.0,,3.0,1000,0.5841194968553458
594,entropy,5.0,,4.0,1,0.5841194968553458
595,entropy,5.0,10,2.0,100,0.5841194968553458
596,entropy,5.0,1,5.0,1000,0.5841194968553458
597,entropy,,log2,2.0,10,0.5841194968553458
598,entropy,,log2,2.0,1,0.5841194968553458
599,entropy,,log2,1.0,1000,0.5841194968553458
600,entropy,,log2,1.0,100,0.5841194968553458
601,entropy,,log2,1.0,10,0.5841194968553458
602,entropy,5.0,10,1.0,1,0.5841194968553458
603,entropy,5.0,10,1.0,10,0.5841194968553458
604,entropy,5.0,10,1.0,100,0.5841194968553458
605,entropy,5.0,10,1.0,1000,0.5841194968553458
606,entropy,5.0,10,2.0,1,0.5841194968553458
607,entropy,5.0,10,2.0,10,0.5841194968553458
608,entropy,5.0,10,2.0,1000,0.5841194968553458
609,entropy,5.0,,4.0,10,0.5841194968553458
610,entropy,5.0,10,3.0,1,0.5841194968553458
611,entropy,5.0,10,3.0,10,0.5841194968553458
612,entropy,5.0,10,3.0,100,0.5841194968553458
613,entropy,5.0,10,3.0,1000,0.5841194968553458
614,entropy,5.0,10,4.0,1,0.5841194968553458
615,entropy,5.0,10,4.0,10,0.5841194968553458
616,entropy,5.0,10,4.0,100,0.5841194968553458
617,entropy,5.0,10,4.0,1000,0.5841194968553458
618,entropy,5.0,10,5.0,1,0.5841194968553458
619,entropy,,log2,1.0,1,0.5841194968553458
620,entropy,,sqrt,5.0,1000,0.5841194968553458
621,entropy,,sqrt,5.0,100,0.5841194968553458
622,entropy,5.0,1,5.0,100,0.5841194968553458
623,entropy,5.0,1,5.0,10,0.5841194968553458
624,entropy,5.0,1,5.0,1,0.5841194968553458
625,entropy,5.0,1,4.0,1000,0.5841194968553458
626,entropy,5.0,,4.0,100,0.5841194968553458
627,entropy,5.0,,4.0,1000,0.5841194968553458
628,entropy,5.0,,5.0,1,0.5841194968553458
629,entropy,5.0,,5.0,10,0.5841194968553458
630,entropy,5.0,,5.0,100,0.5841194968553458
631,entropy,5.0,,5.0,1000,0.5841194968553458
632,entropy,,log2,3.0,10,0.5841194968553458
633,entropy,,log2,3.0,1,0.5841194968553458
634,entropy,,log2,2.0,1000,0.5841194968553458
635,entropy,,log2,2.0,100,0.5841194968553458
636,entropy,5.0,1,1.0,1,0.5841194968553458
637,entropy,5.0,1,1.0,10,0.5841194968553458
638,entropy,5.0,1,1.0,100,0.5841194968553458
639,entropy,5.0,1,1.0,1000,0.5841194968553458
640,entropy,5.0,1,2.0,1,0.5841194968553458
641,entropy,5.0,1,2.0,10,0.5841194968553458
642,entropy,5.0,1,2.0,100,0.5841194968553458
643,entropy,5.0,1,2.0,1000,0.5841194968553458
644,entropy,5.0,1,3.0,1,0.5841194968553458
645,entropy,3.0,,1.0,10,0.5841194968553458
646,entropy,5.0,1,3.0,100,0.5841194968553458
647,entropy,5.0,1,3.0,1000,0.5841194968553458
648,entropy,5.0,1,4.0,1,0.5841194968553458
649,entropy,5.0,1,4.0,10,0.5841194968553458
650,entropy,5.0,1,4.0,100,0.5841194968553458
651,entropy,5.0,1,3.0,10,0.5841194968553458
652,entropy,,10,5.0,1000,0.5841194968553458
653,entropy,3.0,,1.0,1,0.5841194968553458
654,gini,4.0,1,5.0,1,0.5841194968553458
655,gini,4.0,10,1.0,100,0.5841194968553458
656,gini,4.0,10,1.0,10,0.5841194968553458
657,gini,4.0,10,1.0,1,0.5841194968553458
658,gini,4.0,1,5.0,1000,0.5841194968553458
659,gini,4.0,1,5.0,100,0.5841194968553458
660,gini,4.0,1,5.0,10,0.5841194968553458
661,gini,4.0,1,4.0,1000,0.5841194968553458
662,entropy,3.0,log2,5.0,1000,0.5841194968553458
663,gini,4.0,1,4.0,100,0.5841194968553458
664,gini,4.0,1,4.0,10,0.5841194968553458
665,gini,4.0,1,4.0,1,0.5841194968553458
666,gini,4.0,1,3.0,1000,0.5841194968553458
667,gini,4.0,1,3.0,100,0.5841194968553458
668,gini,4.0,1,3.0,10,0.5841194968553458
669,gini,4.0,10,1.0,1000,0.5841194968553458
670,gini,4.0,10,2.0,1,0.5841194968553458
671,gini,4.0,10,2.0,10,0.5841194968553458
672,gini,4.0,10,2.0,100,0.5841194968553458
673,gini,4.0,10,2.0,1000,0.5841194968553458
674,gini,4.0,10,3.0,1,0.5841194968553458
675,gini,4.0,10,3.0,10,0.5841194968553458
676,gini,4.0,10,3.0,100,0.5841194968553458
677,gini,4.0,10,3.0,1000,0.5841194968553458
678,gini,4.0,10,4.0,1,0.5841194968553458
679,gini,4.0,10,4.0,10,0.5841194968553458
680,gini,4.0,10,4.0,100,0.5841194968553458
681,gini,4.0,10,4.0,1000,0.5841194968553458
682,gini,4.0,10,5.0,1,0.5841194968553458
683,gini,4.0,10,5.0,10,0.5841194968553458
684,gini,4.0,10,5.0,100,0.5841194968553458
685,gini,4.0,10,5.0,1000,0.5841194968553458
686,gini,4.0,1,3.0,1,0.5841194968553458
687,gini,4.0,1,2.0,1000,0.5841194968553458
688,gini,4.0,1,2.0,100,0.5841194968553458
689,gini,4.0,,3.0,10,0.5841194968553458
690,gini,4.0,log2,4.0,1000,0.5841194968553458
691,gini,4.0,log2,5.0,1,0.5841194968553458
692,gini,4.0,log2,5.0,10,0.5841194968553458
693,gini,4.0,log2,5.0,100,0.5841194968553458
694,gini,4.0,log2,5.0,1000,0.5841194968553458
695,gini,4.0,,1.0,1,0.5841194968553458
696,gini,4.0,,1.0,10,0.5841194968553458
697,gini,4.0,,1.0,100,0.5841194968553458
698,gini,4.0,,1.0,1000,0.5841194968553458
699,gini,4.0,,2.0,1,0.5841194968553458
700,gini,4.0,,2.0,10,0.5841194968553458
701,gini,4.0,,2.0,100,0.5841194968553458
702,gini,4.0,,2.0,1000,0.5841194968553458
703,gini,4.0,,3.0,1,0.5841194968553458
704,gini,4.0,,3.0,100,0.5841194968553458
705,gini,4.0,1,2.0,10,0.5841194968553458
706,gini,4.0,,3.0,1000,0.5841194968553458
707,gini,4.0,,4.0,1,0.5841194968553458
708,gini,4.0,,4.0,10,0.5841194968553458
709,gini,4.0,,4.0,100,0.5841194968553458
710,gini,4.0,,4.0,1000,0.5841194968553458
711,gini,4.0,,5.0,1,0.5841194968553458
712,gini,4.0,,5.0,10,0.5841194968553458
713,gini,4.0,,5.0,100,0.5841194968553458
714,gini,4.0,,5.0,1000,0.5841194968553458
715,gini,4.0,1,1.0,1,0.5841194968553458
716,gini,4.0,1,1.0,10,0.5841194968553458
717,gini,4.0,1,1.0,100,0.5841194968553458
718,gini,4.0,1,1.0,1000,0.5841194968553458
719,gini,4.0,1,2.0,1,0.5841194968553458
720,gini,5.0,sqrt,1.0,1,0.5841194968553458
721,gini,5.0,sqrt,1.0,10,0.5841194968553458
722,gini,5.0,sqrt,1.0,100,0.5841194968553458
723,gini,5.0,,4.0,1,0.5841194968553458
724,gini,5.0,log2,5.0,100,0.5841194968553458
725,gini,5.0,log2,5.0,1000,0.5841194968553458
726,gini,5.0,,1.0,1,0.5841194968553458
727,gini,5.0,,1.0,10,0.5841194968553458
728,gini,5.0,,1.0,100,0.5841194968553458
729,gini,5.0,,1.0,1000,0.5841194968553458
730,gini,5.0,,2.0,1,0.5841194968553458
731,gini,5.0,,2.0,10,0.5841194968553458
732,gini,5.0,,2.0,100,0.5841194968553458
733,gini,5.0,,2.0,1000,0.5841194968553458
734,gini,5.0,,3.0,1,0.5841194968553458
735,gini,5.0,,3.0,10,0.5841194968553458
736,gini,5.0,,3.0,100,0.5841194968553458
737,gini,5.0,,3.0,1000,0.5841194968553458
738,gini,5.0,,4.0,10,0.5841194968553458
739,gini,5.0,log2,5.0,1,0.5841194968553458
740,gini,5.0,,4.0,100,0.5841194968553458
741,gini,5.0,,4.0,1000,0.5841194968553458
742,gini,5.0,,5.0,1,0.5841194968553458
743,gini,5.0,,5.0,10,0.5841194968553458
744,gini,5.0,,5.0,100,0.5841194968553458
745,gini,5.0,,5.0,1000,0.5841194968553458
746,gini,5.0,1,1.0,1,0.5841194968553458
747,gini,5.0,1,1.0,10,0.5841194968553458
748,gini,5.0,1,1.0,100,0.5841194968553458
749,gini,5.0,1,1.0,1000,0.5841194968553458
750,gini,5.0,1,2.0,1,0.5841194968553458
751,gini,5.0,1,2.0,10,0.5841194968553458
752,gini,5.0,1,2.0,100,0.5841194968553458
753,gini,5.0,1,2.0,1000,0.5841194968553458
754,gini,5.0,log2,5.0,10,0.5841194968553458
755,gini,5.0,log2,4.0,1000,0.5841194968553458
756,gini,5.0,sqrt,1.0,1000,0.5841194968553458
757,gini,5.0,sqrt,5.0,100,0.5841194968553458
758,gini,5.0,sqrt,2.0,1,0.5841194968553458
759,gini,5.0,sqrt,2.0,10,0.5841194968553458
760,gini,5.0,sqrt,2.0,100,0.5841194968553458
761,gini,5.0,sqrt,2.0,1000,0.5841194968553458
762,gini,5.0,sqrt,3.0,1,0.5841194968553458
763,gini,5.0,sqrt,3.0,10,0.5841194968553458
764,gini,5.0,sqrt,3.0,100,0.5841194968553458
765,gini,5.0,sqrt,3.0,1000,0.5841194968553458
766,gini,5.0,sqrt,4.0,1,0.5841194968553458
767,gini,5.0,sqrt,4.0,10,0.5841194968553458
768,gini,5.0,sqrt,4.0,100,0.5841194968553458
769,gini,5.0,sqrt,4.0,1000,0.5841194968553458
770,gini,5.0,sqrt,5.0,1,0.5841194968553458
771,gini,5.0,sqrt,5.0,10,0.5841194968553458
772,gini,5.0,sqrt,5.0,1000,0.5841194968553458
773,gini,5.0,log2,4.0,100,0.5841194968553458
774,gini,5.0,log2,1.0,1,0.5841194968553458
775,gini,5.0,log2,1.0,10,0.5841194968553458
776,gini,5.0,log2,1.0,100,0.5841194968553458
777,gini,5.0,log2,1.0,1000,0.5841194968553458
778,gini,5.0,log2,2.0,1,0.5841194968553458
779,gini,5.0,log2,2.0,10,0.5841194968553458
780,gini,5.0,log2,2.0,100,0.5841194968553458
781,gini,5.0,log2,2.0,1000,0.5841194968553458
782,gini,5.0,log2,3.0,1,0.5841194968553458
783,gini,5.0,log2,3.0,10,0.5841194968553458
784,gini,5.0,log2,3.0,100,0.5841194968553458
785,gini,5.0,log2,3.0,1000,0.5841194968553458
786,gini,5.0,log2,4.0,1,0.5841194968553458
787,gini,5.0,log2,4.0,10,0.5841194968553458
788,gini,4.0,log2,4.0,100,0.5841194968553458
789,gini,4.0,log2,4.0,10,0.5841194968553458
790,gini,4.0,log2,4.0,1,0.5841194968553458
791,gini,3.0,,3.0,1,0.5841194968553458
792,gini,3.0,log2,4.0,100,0.5841194968553458
793,gini,3.0,log2,4.0,1000,0.5841194968553458
794,gini,3.0,log2,5.0,1,0.5841194968553458
795,gini,3.0,log2,5.0,10,0.5841194968553458
796,gini,3.0,log2,5.0,100,0.5841194968553458
797,gini,3.0,log2,5.0,1000,0.5841194968553458
798,gini,3.0,,1.0,1,0.5841194968553458
799,gini,3.0,,1.0,10,0.5841194968553458
800,gini,3.0,,1.0,100,0.5841194968553458
801,gini,3.0,,1.0,1000,0.5841194968553458
802,gini,3.0,,2.0,1,0.5841194968553458
803,gini,3.0,,2.0,10,0.5841194968553458
804,gini,3.0,,2.0,100,0.5841194968553458
805,gini,3.0,,2.0,1000,0.5841194968553458
806,gini,3.0,,3.0,10,0.5841194968553458
807,gini,3.0,log2,4.0,1,0.5841194968553458
808,gini,3.0,,3.0,100,0.5841194968553458
809,gini,3.0,,3.0,1000,0.5841194968553458
810,gini,3.0,,4.0,1,0.5841194968553458
811,gini,3.0,,4.0,10,0.5841194968553458
812,gini,3.0,,4.0,100,0.5841194968553458
813,gini,3.0,,4.0,1000,0.5841194968553458
814,gini,3.0,,5.0,1,0.5841194968553458
815,gini,3.0,,5.0,10,0.5841194968553458
816,gini,3.0,,5.0,100,0.5841194968553458
817,gini,3.0,,5.0,1000,0.5841194968553458
818,gini,3.0,1,0.0,1,0.5841194968553458
819,gini,3.0,1,1.0,1,0.5841194968553458
820,gini,3.0,1,1.0,10,0.5841194968553458
821,gini,3.0,1,1.0,100,0.5841194968553458
822,gini,3.0,log2,4.0,10,0.5841194968553458
823,gini,3.0,log2,3.0,1000,0.5841194968553458
824,gini,3.0,1,2.0,1,0.5841194968553458
825,gini,3.0,sqrt,4.0,100,0.5841194968553458
826,gini,3.0,sqrt,1.0,1,0.5841194968553458
827,gini,3.0,sqrt,1.0,10,0.5841194968553458
828,gini,3.0,sqrt,1.0,100,0.5841194968553458
829,gini,3.0,sqrt,1.0,1000,0.5841194968553458
830,gini,3.0,sqrt,2.0,1,0.5841194968553458
831,gini,3.0,sqrt,2.0,10,0.5841194968553458
832,gini,3.0,sqrt,2.0,100,0.5841194968553458
833,gini,3.0,sqrt,2.0,1000,0.5841194968553458
834,gini,3.0,sqrt,3.0,1,0.5841194968553458
835,gini,3.0,sqrt,3.0,10,0.5841194968553458
836,gini,3.0,sqrt,3.0,100,0.5841194968553458
837,gini,3.0,sqrt,3.0,1000,0.5841194968553458
838,gini,3.0,sqrt,4.0,1,0.5841194968553458
839,gini,3.0,sqrt,4.0,10,0.5841194968553458
840,gini,3.0,sqrt,4.0,1000,0.5841194968553458
841,gini,3.0,log2,3.0,100,0.5841194968553458
842,gini,3.0,sqrt,5.0,1,0.5841194968553458
843,gini,3.0,sqrt,5.0,10,0.5841194968553458
844,gini,3.0,sqrt,5.0,100,0.5841194968553458
845,gini,3.0,sqrt,5.0,1000,0.5841194968553458
846,gini,3.0,log2,1.0,1,0.5841194968553458
847,gini,3.0,log2,1.0,10,0.5841194968553458
848,gini,3.0,log2,1.0,100,0.5841194968553458
849,gini,3.0,log2,1.0,1000,0.5841194968553458
850,gini,3.0,log2,2.0,1,0.5841194968553458
851,gini,3.0,log2,2.0,10,0.5841194968553458
852,gini,3.0,log2,2.0,100,0.5841194968553458
853,gini,3.0,log2,2.0,1000,0.5841194968553458
854,gini,3.0,log2,3.0,1,0.5841194968553458
855,gini,3.0,log2,3.0,10,0.5841194968553458
856,gini,3.0,1,1.0,1000,0.5841194968553458
857,gini,3.0,1,2.0,10,0.5841194968553458
858,gini,4.0,log2,3.0,1000,0.5841194968553458
859,gini,4.0,sqrt,4.0,1000,0.5841194968553458
860,gini,4.0,sqrt,1.0,10,0.5841194968553458
861,gini,4.0,sqrt,1.0,100,0.5841194968553458
862,gini,4.0,sqrt,1.0,1000,0.5841194968553458
863,gini,4.0,sqrt,2.0,1,0.5841194968553458
864,gini,4.0,sqrt,2.0,10,0.5841194968553458
865,gini,4.0,sqrt,2.0,100,0.5841194968553458
866,gini,4.0,sqrt,2.0,1000,0.5841194968553458
867,gini,4.0,sqrt,3.0,1,0.5841194968553458
868,gini,4.0,sqrt,3.0,10,0.5841194968553458
869,gini,4.0,sqrt,3.0,100,0.5841194968553458
870,gini,4.0,sqrt,3.0,1000,0.5841194968553458
871,gini,4.0,sqrt,4.0,1,0.5841194968553458
872,gini,4.0,sqrt,4.0,10,0.5841194968553458
873,gini,4.0,sqrt,4.0,100,0.5841194968553458
874,gini,4.0,sqrt,5.0,1,0.5841194968553458
875,gini,3.0,10,5.0,1000,0.5841194968553458
876,gini,4.0,sqrt,5.0,10,0.5841194968553458
877,gini,4.0,sqrt,5.0,100,0.5841194968553458
878,gini,4.0,sqrt,5.0,1000,0.5841194968553458
879,gini,4.0,log2,1.0,1,0.5841194968553458
880,gini,4.0,log2,1.0,10,0.5841194968553458
881,gini,4.0,log2,1.0,100,0.5841194968553458
882,gini,4.0,log2,1.0,1000,0.5841194968553458
883,gini,4.0,log2,2.0,1,0.5841194968553458
884,gini,4.0,log2,2.0,10,0.5841194968553458
885,gini,4.0,log2,2.0,100,0.5841194968553458
886,gini,4.0,log2,2.0,1000,0.5841194968553458
887,gini,4.0,log2,3.0,1,0.5841194968553458
888,gini,4.0,log2,3.0,10,0.5841194968553458
889,gini,4.0,log2,3.0,100,0.5841194968553458
890,gini,4.0,sqrt,1.0,1,0.5841194968553458
891,gini,3.0,10,5.0,100,0.5841194968553458
892,gini,3.0,1,2.0,100,0.5841194968553458
893,gini,3.0,10,1.0,10,0.5841194968553458
894,gini,3.0,1,2.0,1000,0.5841194968553458
895,gini,3.0,1,3.0,1,0.5841194968553458
896,gini,3.0,1,3.0,10,0.5841194968553458
897,gini,3.0,1,3.0,100,0.5841194968553458
898,gini,3.0,1,3.0,1000,0.5841194968553458
899,gini,3.0,1,4.0,1,0.5841194968553458
900,gini,3.0,1,4.0,10,0.5841194968553458
901,gini,3.0,1,4.0,100,0.5841194968553458
902,gini,3.0,1,4.0,1000,0.5841194968553458
903,gini,3.0,1,5.0,1,0.5841194968553458
904,gini,3.0,1,5.0,10,0.5841194968553458
905,gini,3.0,1,5.0,100,0.5841194968553458
906,gini,3.0,1,5.0,1000,0.5841194968553458
907,gini,3.0,10,1.0,1,0.5841194968553458
908,gini,3.0,10,1.0,100,0.5841194968553458
909,gini,3.0,10,5.0,10,0.5841194968553458
910,gini,3.0,10,1.0,1000,0.5841194968553458
911,gini,3.0,10,2.0,1,0.5841194968553458
912,gini,3.0,10,2.0,10,0.5841194968553458
913,gini,3.0,10,2.0,100,0.5841194968553458
914,gini,3.0,10,2.0,1000,0.5841194968553458
915,gini,3.0,10,3.0,1,0.5841194968553458
916,gini,3.0,10,3.0,10,0.5841194968553458
917,gini,3.0,10,3.0,100,0.5841194968553458
918,gini,3.0,10,3.0,1000,0.5841194968553458
919,gini,3.0,10,4.0,1,0.5841194968553458
920,gini,3.0,10,4.0,10,0.5841194968553458
921,gini,3.0,10,4.0,100,0.5841194968553458
922,gini,3.0,10,4.0,1000,0.5841194968553458
923,gini,3.0,10,5.0,1,0.5841194968553458
924,gini,5.0,1,3.0,1,0.5841194968553458
925,gini,5.0,1,3.0,10,0.5841194968553458
926,gini,5.0,1,3.0,100,0.5841194968553458
927,gini,,,2.0,100,0.5841194968553458
928,gini,,,4.0,1,0.5841194968553458
929,gini,,,3.0,1000,0.5841194968553458
930,gini,,,3.0,100,0.5841194968553458
931,gini,,,3.0,10,0.5841194968553458
932,gini,,,3.0,1,0.5841194968553458
933,gini,,,2.0,1000,0.5841194968553458
934,gini,,,2.0,10,0.5841194968553458
935,gini,,1,3.0,1000,0.5841194968553458
936,gini,,,2.0,1,0.5841194968553458
937,gini,,,1.0,1000,0.5841194968553458
938,gini,,,1.0,100,0.5841194968553458
939,gini,,,1.0,10,0.5841194968553458
940,gini,,,1.0,1,0.5841194968553458
941,gini,,log2,5.0,1000,0.5841194968553458
942,gini,,,4.0,10,0.5841194968553458
943,gini,,,4.0,100,0.5841194968553458
944,gini,,,4.0,1000,0.5841194968553458
945,gini,,,5.0,1,0.5841194968553458
946,gini,,,5.0,10,0.5841194968553458
947,gini,,,5.0,100,0.5841194968553458
948,gini,,,5.0,1000,0.5841194968553458
949,gini,,1,1.0,1,0.5841194968553458
950,gini,,1,1.0,10,0.5841194968553458
951,gini,,1,1.0,100,0.5841194968553458
952,gini,,1,1.0,1000,0.5841194968553458
953,gini,,1,2.0,1,0.5841194968553458
954,gini,,1,2.0,10,0.5841194968553458
955,gini,,1,2.0,100,0.5841194968553458
956,gini,,1,2.0,1000,0.5841194968553458
957,gini,,1,3.0,1,0.5841194968553458
958,gini,,1,3.0,10,0.5841194968553458
959,gini,,log2,5.0,100,0.5841194968553458
960,gini,,log2,5.0,10,0.5841194968553458
961,gini,,log2,5.0,1,0.5841194968553458
962,gini,,sqrt,5.0,1000,0.5841194968553458
963,gini,,sqrt,2.0,10,0.5841194968553458
964,gini,,sqrt,2.0,100,0.5841194968553458
965,gini,,sqrt,2.0,1000,0.5841194968553458
966,gini,,sqrt,3.0,1,0.5841194968553458
967,gini,,sqrt,3.0,10,0.5841194968553458
968,gini,,sqrt,3.0,100,0.5841194968553458
969,gini,,sqrt,3.0,1000,0.5841194968553458
970,gini,,sqrt,4.0,1,0.5841194968553458
971,gini,,sqrt,4.0,10,0.5841194968553458
972,gini,,sqrt,4.0,100,0.5841194968553458
973,gini,,sqrt,4.0,1000,0.5841194968553458
974,gini,,sqrt,5.0,1,0.5841194968553458
975,gini,,sqrt,5.0,10,0.5841194968553458
976,gini,,sqrt,5.0,100,0.5841194968553458
977,gini,,log2,1.0,1,0.5841194968553458
978,gini,,log2,4.0,1000,0.5841194968553458
979,gini,,log2,1.0,10,0.5841194968553458
980,gini,,log2,1.0,100,0.5841194968553458
981,gini,,log2,1.0,1000,0.5841194968553458
982,gini,,log2,2.0,1,0.5841194968553458
983,gini,,log2,2.0,10,0.5841194968553458
984,gini,,log2,2.0,100,0.5841194968553458
985,gini,,log2,2.0,1000,0.5841194968553458
986,gini,,log2,3.0,1,0.5841194968553458
987,gini,,log2,3.0,10,0.5841194968553458
988,gini,,log2,3.0,100,0.5841194968553458
989,gini,,log2,3.0,1000,0.5841194968553458
990,gini,,log2,4.0,1,0.5841194968553458
991,gini,,log2,4.0,10,0.5841194968553458
992,gini,,log2,4.0,100,0.5841194968553458
993,gini,,1,3.0,100,0.5841194968553458
994,gini,,1,4.0,1,0.5841194968553458
995,gini,5.0,1,3.0,1000,0.5841194968553458
996,entropy,3.0,sqrt,4.0,1000,0.5841194968553458
997,entropy,3.0,log2,1.0,10,0.5841194968553458
998,entropy,3.0,log2,1.0,1,0.5841194968553458
999,entropy,3.0,sqrt,5.0,1000,0.5841194968553458
1000,entropy,3.0,sqrt,5.0,100,0.5841194968553458
1001,entropy,3.0,sqrt,5.0,10,0.5841194968553458
1002,entropy,3.0,sqrt,5.0,1,0.5841194968553458
1003,entropy,3.0,sqrt,4.0,100,0.5841194968553458
1004,gini,,1,4.0,10,0.5841194968553458
1005,entropy,3.0,sqrt,4.0,10,0.5841194968553458
1006,entropy,3.0,sqrt,4.0,1,0.5841194968553458
1007,entropy,3.0,sqrt,3.0,1000,0.5841194968553458
1008,entropy,3.0,sqrt,3.0,100,0.5841194968553458
1009,entropy,3.0,sqrt,3.0,10,0.5841194968553458
1010,entropy,3.0,sqrt,3.0,1,0.5841194968553458
1011,entropy,3.0,log2,1.0,100,0.5841194968553458
1012,entropy,3.0,log2,1.0,1000,0.5841194968553458
1013,entropy,3.0,log2,2.0,1,0.5841194968553458
1014,entropy,3.0,log2,2.0,10,0.5841194968553458
1015,entropy,3.0,log2,2.0,100,0.5841194968553458
1016,entropy,3.0,log2,2.0,1000,0.5841194968553458
1017,entropy,3.0,log2,3.0,1,0.5841194968553458
1018,entropy,3.0,log2,3.0,10,0.5841194968553458
1019,entropy,3.0,log2,3.0,100,0.5841194968553458
1020,entropy,3.0,log2,3.0,1000,0.5841194968553458
1021,entropy,3.0,log2,4.0,1,0.5841194968553458
1022,entropy,3.0,log2,4.0,10,0.5841194968553458
1023,entropy,3.0,log2,4.0,100,0.5841194968553458
1024,entropy,3.0,log2,4.0,1000,0.5841194968553458
1025,entropy,3.0,log2,5.0,1,0.5841194968553458
1026,entropy,3.0,log2,5.0,10,0.5841194968553458
1027,entropy,3.0,log2,5.0,100,0.5841194968553458
1028,entropy,3.0,sqrt,2.0,1000,0.5841194968553458
1029,entropy,3.0,sqrt,2.0,100,0.5841194968553458
1030,entropy,3.0,sqrt,2.0,10,0.5841194968553458
1031,gini,,10,3.0,1,0.5841194968553458
1032,gini,,1,4.0,100,0.5841194968553458
1033,gini,,1,4.0,1000,0.5841194968553458
1034,gini,,1,5.0,1,0.5841194968553458
1035,gini,,1,5.0,10,0.5841194968553458
1036,gini,,1,5.0,100,0.5841194968553458
1037,gini,,1,5.0,1000,0.5841194968553458
1038,gini,,10,1.0,1,0.5841194968553458
1039,gini,,10,1.0,10,0.5841194968553458
1040,gini,,10,1.0,100,0.5841194968553458
1041,gini,,10,1.0,1000,0.5841194968553458
1042,gini,,10,2.0,1,0.5841194968553458
1043,gini,,10,2.0,10,0.5841194968553458
1044,gini,,10,2.0,100,0.5841194968553458
1045,gini,,10,2.0,1000,0.5841194968553458
1046,gini,,10,3.0,10,0.5841194968553458
1047,entropy,3.0,sqrt,2.0,1,0.5841194968553458
1048,gini,,10,3.0,100,0.5841194968553458
1049,gini,,10,3.0,1000,0.5841194968553458
1050,gini,,10,4.0,1,0.5841194968553458
1051,gini,,10,4.0,10,0.5841194968553458
1052,gini,,10,4.0,100,0.5841194968553458
1053,gini,,10,4.0,1000,0.5841194968553458
1054,gini,,10,5.0,1,0.5841194968553458
1055,gini,,10,5.0,10,0.5841194968553458
1056,gini,,10,5.0,100,0.5841194968553458
1057,gini,,10,5.0,1000,0.5841194968553458
1058,entropy,3.0,sqrt,1.0,1,0.5841194968553458
1059,entropy,3.0,sqrt,1.0,10,0.5841194968553458
1060,entropy,3.0,sqrt,1.0,100,0.5841194968553458
1061,entropy,3.0,sqrt,1.0,1000,0.5841194968553458
1062,gini,,sqrt,2.0,1,0.5841194968553458
1063,gini,,sqrt,1.0,1000,0.5841194968553458
1064,gini,,sqrt,1.0,100,0.5841194968553458
1065,gini,10.0,sqrt,5.0,1000,0.5841194968553458
1066,gini,10.0,sqrt,2.0,10,0.5841194968553458
1067,gini,10.0,sqrt,2.0,100,0.5841194968553458
1068,gini,10.0,sqrt,2.0,1000,0.5841194968553458
1069,gini,10.0,sqrt,3.0,1,0.5841194968553458
1070,gini,10.0,sqrt,3.0,10,0.5841194968553458
1071,gini,10.0,sqrt,3.0,100,0.5841194968553458
1072,gini,10.0,sqrt,3.0,1000,0.5841194968553458
1073,gini,10.0,sqrt,4.0,1,0.5841194968553458
1074,gini,10.0,sqrt,4.0,10,0.5841194968553458
1075,gini,10.0,sqrt,4.0,100,0.5841194968553458
1076,gini,10.0,sqrt,4.0,1000,0.5841194968553458
1077,gini,10.0,sqrt,5.0,1,0.5841194968553458
1078,gini,10.0,sqrt,5.0,10,0.5841194968553458
1079,gini,10.0,sqrt,5.0,100,0.5841194968553458
1080,gini,10.0,log2,1.0,1,0.5841194968553458
1081,gini,10.0,log2,5.0,10,0.5841194968553458
1082,gini,10.0,log2,1.0,10,0.5841194968553458
1083,gini,10.0,log2,1.0,100,0.5841194968553458
1084,gini,10.0,log2,1.0,1000,0.5841194968553458
1085,gini,10.0,log2,2.0,1,0.5841194968553458
1086,gini,10.0,log2,2.0,10,0.5841194968553458
1087,gini,10.0,log2,2.0,100,0.5841194968553458
1088,gini,10.0,log2,2.0,1000,0.5841194968553458
1089,gini,10.0,log2,3.0,1,0.5841194968553458
1090,gini,10.0,log2,3.0,10,0.5841194968553458
1091,gini,10.0,log2,3.0,100,0.5841194968553458
1092,gini,10.0,log2,3.0,1000,0.5841194968553458
1093,gini,10.0,log2,4.0,1,0.5841194968553458
1094,gini,10.0,log2,4.0,10,0.5841194968553458
1095,gini,10.0,log2,4.0,100,0.5841194968553458
1096,gini,10.0,sqrt,2.0,1,0.5841194968553458
1097,gini,10.0,sqrt,1.0,1000,0.5841194968553458
1098,gini,10.0,sqrt,1.0,100,0.5841194968553458
1099,gini,10.0,sqrt,1.0,10,0.5841194968553458
1100,gini,5.0,1,4.0,1,0.5841194968553458
1101,gini,5.0,1,4.0,10,0.5841194968553458
1102,gini,5.0,1,4.0,100,0.5841194968553458
1103,gini,5.0,1,4.0,1000,0.5841194968553458
1104,gini,5.0,1,5.0,1,0.5841194968553458
1105,gini,5.0,1,5.0,10,0.5841194968553458
1106,gini,5.0,1,5.0,100,0.5841194968553458
1107,gini,5.0,1,5.0,1000,0.5841194968553458
1108,gini,5.0,10,1.0,1,0.5841194968553458
1109,gini,5.0,10,1.0,10,0.5841194968553458
1110,gini,5.0,10,1.0,100,0.5841194968553458
1111,gini,5.0,10,1.0,1000,0.5841194968553458
1112,gini,5.0,10,2.0,1,0.5841194968553458
1113,gini,5.0,10,2.0,10,0.5841194968553458
1114,gini,5.0,10,2.0,100,0.5841194968553458
1115,gini,5.0,10,2.0,1000,0.5841194968553458
1116,gini,5.0,10,3.0,1,0.5841194968553458
1117,gini,5.0,10,3.0,10,0.5841194968553458
1118,gini,5.0,10,3.0,100,0.5841194968553458
1119,gini,5.0,10,3.0,1000,0.5841194968553458
1120,gini,5.0,10,4.0,1,0.5841194968553458
1121,gini,5.0,10,4.0,10,0.5841194968553458
1122,gini,5.0,10,4.0,100,0.5841194968553458
1123,gini,5.0,10,4.0,1000,0.5841194968553458
1124,gini,5.0,10,5.0,1,0.5841194968553458
1125,gini,5.0,10,5.0,10,0.5841194968553458
1126,gini,5.0,10,5.0,100,0.5841194968553458
1127,gini,5.0,10,5.0,1000,0.5841194968553458
1128,gini,10.0,sqrt,1.0,1,0.5841194968553458
1129,gini,10.0,log2,4.0,1000,0.5841194968553458
1130,gini,10.0,log2,5.0,1,0.5841194968553458
1131,gini,10.0,log2,5.0,100,0.5841194968553458
1132,gini,10.0,1,3.0,100,0.5841194968553458
1133,gini,10.0,1,4.0,10,0.5841194968553458
1134,gini,10.0,1,4.0,100,0.5841194968553458
1135,gini,10.0,1,4.0,1000,0.5841194968553458
1136,gini,10.0,1,5.0,1,0.5841194968553458
1137,gini,10.0,1,5.0,10,0.5841194968553458
1138,gini,10.0,1,5.0,100,0.5841194968553458
1139,gini,10.0,1,5.0,1000,0.5841194968553458
1140,gini,10.0,10,1.0,1,0.5841194968553458
1141,gini,10.0,10,1.0,10,0.5841194968553458
1142,gini,10.0,10,1.0,100,0.5841194968553458
1143,gini,10.0,10,1.0,1000,0.5841194968553458
1144,gini,10.0,10,2.0,1,0.5841194968553458
1145,gini,10.0,10,2.0,10,0.5841194968553458
1146,gini,10.0,10,2.0,100,0.5841194968553458
1147,gini,10.0,10,2.0,1000,0.5841194968553458
1148,gini,10.0,10,3.0,1,0.5841194968553458
1149,gini,10.0,10,3.0,10,0.5841194968553458
1150,gini,10.0,10,3.0,100,0.5841194968553458
1151,gini,10.0,10,3.0,1000,0.5841194968553458
1152,gini,10.0,10,4.0,1,0.5841194968553458
1153,gini,10.0,10,4.0,10,0.5841194968553458
1154,gini,10.0,10,4.0,100,0.5841194968553458
1155,gini,10.0,10,4.0,1000,0.5841194968553458
1156,gini,10.0,10,5.0,1,0.5841194968553458
1157,gini,10.0,10,5.0,10,0.5841194968553458
1158,gini,10.0,10,5.0,100,0.5841194968553458
1159,gini,10.0,10,5.0,1000,0.5841194968553458
1160,gini,,sqrt,1.0,1,0.5841194968553458
1161,gini,,sqrt,1.0,10,0.5841194968553458
1162,gini,10.0,1,4.0,1,0.5841194968553458
1163,gini,10.0,1,3.0,1000,0.5841194968553458
1164,gini,10.0,1,3.0,10,0.5841194968553458
1165,gini,10.0,,4.0,100,0.5841194968553458
1166,gini,10.0,log2,5.0,1000,0.5841194968553458
1167,gini,10.0,,1.0,1,0.5841194968553458
1168,gini,10.0,,1.0,10,0.5841194968553458
1169,gini,10.0,,1.0,100,0.5841194968553458
1170,gini,10.0,,1.0,1000,0.5841194968553458
1171,gini,10.0,,2.0,1,0.5841194968553458
1172,gini,10.0,,2.0,10,0.5841194968553458
1173,gini,10.0,,2.0,100,0.5841194968553458
1174,gini,10.0,,2.0,1000,0.5841194968553458
1175,gini,10.0,,3.0,1,0.5841194968553458
1176,gini,10.0,,3.0,10,0.5841194968553458
1177,gini,10.0,,3.0,100,0.5841194968553458
1178,gini,10.0,,3.0,1000,0.5841194968553458
1179,gini,10.0,,4.0,1,0.5841194968553458
1180,gini,10.0,,4.0,10,0.5841194968553458
1181,gini,10.0,,4.0,1000,0.5841194968553458
1182,gini,10.0,1,2.0,100,0.5841194968553458
1183,gini,10.0,,5.0,1,0.5841194968553458
1184,gini,10.0,,5.0,10,0.5841194968553458
1185,gini,10.0,,5.0,100,0.5841194968553458
1186,gini,10.0,,5.0,1000,0.5841194968553458
1187,gini,10.0,1,1.0,1,0.5841194968553458
1188,gini,10.0,1,1.0,10,0.5841194968553458
1189,gini,10.0,1,3.0,1,0.5841194968553458
1190,gini,10.0,1,2.0,1000,0.5841194968553458
1191,gini,10.0,1,1.0,100,0.5841194968553458
1192,gini,10.0,1,1.0,1000,0.5841194968553458
1193,gini,10.0,1,2.0,1,0.5841194968553458
1194,gini,10.0,1,2.0,10,0.5841194968553458
1195,entropy,5.0,1,0.0,1,0.5771313766596786
1196,gini,5.0,1,0.0,1,0.5701869322152341
1197,gini,4.0,1,0.0,1,0.5655136268343816
1198,entropy,4.0,1,0.0,1,0.5655136268343816
1199,entropy,3.0,sqrt,0.0,1,0.5653389238294899
