,algorithm,leaf_size,n_neighbors,p,weights,Accuracy
0,auto,51,3,2,uniform,0.7966457023060797
1,auto,91,3,2,uniform,0.7966457023060797
2,kd_tree,21,3,2,uniform,0.7966457023060797
3,ball_tree,41,3,2,uniform,0.7966457023060797
4,kd_tree,51,3,2,uniform,0.7966457023060797
5,brute,91,3,2,uniform,0.7966457023060797
6,auto,41,3,2,uniform,0.7966457023060797
7,ball_tree,71,3,2,uniform,0.7966457023060797
8,brute,21,3,2,uniform,0.7966457023060797
9,ball_tree,1,3,2,uniform,0.7966457023060797
10,kd_tree,91,3,2,uniform,0.7966457023060797
11,ball_tree,31,3,2,uniform,0.7966457023060797
12,ball_tree,91,3,2,uniform,0.7966457023060797
13,auto,31,3,2,uniform,0.7966457023060797
14,kd_tree,31,3,2,uniform,0.7966457023060797
15,brute,81,3,2,uniform,0.7966457023060797
16,ball_tree,11,3,2,uniform,0.7966457023060797
17,ball_tree,81,3,2,uniform,0.7966457023060797
18,brute,11,3,2,uniform,0.7966457023060797
19,kd_tree,41,3,2,uniform,0.7966457023060797
20,brute,1,3,2,uniform,0.7966457023060797
21,ball_tree,21,3,2,uniform,0.7966457023060797
22,auto,11,3,2,uniform,0.7966457023060797
23,brute,31,3,2,uniform,0.7966457023060797
24,auto,61,3,2,uniform,0.7966457023060797
25,ball_tree,51,3,2,uniform,0.7966457023060797
26,auto,21,3,2,uniform,0.7966457023060797
27,auto,1,3,2,uniform,0.7966457023060797
28,brute,51,3,2,uniform,0.7966457023060797
29,ball_tree,61,3,2,uniform,0.7966457023060797
30,kd_tree,81,3,2,uniform,0.7966457023060797
31,brute,61,3,2,uniform,0.7966457023060797
32,brute,41,3,2,uniform,0.7966457023060797
33,brute,71,3,2,uniform,0.7966457023060797
34,kd_tree,61,3,2,uniform,0.7966457023060797
35,auto,71,3,2,uniform,0.7966457023060797
36,kd_tree,1,3,2,uniform,0.7966457023060797
37,kd_tree,11,3,2,uniform,0.7966457023060797
38,kd_tree,71,3,2,uniform,0.7966457023060797
39,auto,81,3,2,uniform,0.7966457023060797
40,auto,11,5,2,distance,0.7897449336128581
41,ball_tree,51,5,2,distance,0.7897449336128581
42,kd_tree,41,5,2,distance,0.7897449336128581
43,ball_tree,21,5,2,distance,0.7897449336128581
44,brute,1,5,2,distance,0.7897449336128581
45,kd_tree,61,5,2,distance,0.7897449336128581
46,ball_tree,61,5,2,distance,0.7897449336128581
47,ball_tree,71,5,2,distance,0.7897449336128581
48,kd_tree,91,5,2,distance,0.7897449336128581
49,kd_tree,71,5,2,distance,0.7897449336128581
50,auto,21,5,2,distance,0.7897449336128581
51,ball_tree,31,5,2,distance,0.7897449336128581
52,ball_tree,41,5,2,distance,0.7897449336128581
53,auto,51,5,2,distance,0.7897449336128581
54,auto,41,5,2,distance,0.7897449336128581
55,kd_tree,81,5,2,distance,0.7897449336128581
56,brute,61,5,2,distance,0.7897449336128581
57,kd_tree,51,5,2,distance,0.7897449336128581
58,brute,71,5,2,distance,0.7897449336128581
59,brute,51,5,2,distance,0.7897449336128581
60,brute,41,5,2,distance,0.7897449336128581
61,kd_tree,21,5,2,distance,0.7897449336128581
62,auto,91,5,2,distance,0.7897449336128581
63,auto,1,5,2,distance,0.7897449336128581
64,brute,21,5,2,distance,0.7897449336128581
65,ball_tree,91,5,2,distance,0.7897449336128581
66,auto,81,5,2,distance,0.7897449336128581
67,brute,31,5,2,distance,0.7897449336128581
68,auto,61,5,2,distance,0.7897449336128581
69,kd_tree,1,5,2,distance,0.7897449336128581
70,ball_tree,1,5,2,distance,0.7897449336128581
71,kd_tree,31,5,2,distance,0.7897449336128581
72,ball_tree,11,5,2,distance,0.7897449336128581
73,ball_tree,81,5,2,distance,0.7897449336128581
74,brute,81,5,2,distance,0.7897449336128581
75,brute,91,5,2,distance,0.7897449336128581
76,auto,71,5,2,distance,0.7897449336128581
77,brute,11,5,2,distance,0.7897449336128581
78,kd_tree,11,5,2,distance,0.7897449336128581
79,auto,31,5,2,distance,0.7897449336128581
80,kd_tree,11,7,3,distance,0.7896575821104124
81,auto,31,9,2,distance,0.7896575821104124
82,auto,41,9,2,distance,0.7896575821104124
83,kd_tree,11,9,2,distance,0.7896575821104124
84,kd_tree,51,9,2,distance,0.7896575821104124
85,brute,61,9,2,distance,0.7896575821104124
86,brute,71,7,3,distance,0.7896575821104124
87,kd_tree,51,7,3,distance,0.7896575821104124
88,kd_tree,1,9,2,distance,0.7896575821104124
89,ball_tree,51,9,2,distance,0.7896575821104124
90,kd_tree,31,9,2,distance,0.7896575821104124
91,ball_tree,91,9,2,distance,0.7896575821104124
92,kd_tree,41,7,3,distance,0.7896575821104124
93,auto,21,9,2,distance,0.7896575821104124
94,kd_tree,31,7,3,distance,0.7896575821104124
95,ball_tree,81,7,3,distance,0.7896575821104124
96,brute,61,7,3,distance,0.7896575821104124
97,ball_tree,71,9,2,distance,0.7896575821104124
98,ball_tree,71,7,3,distance,0.7896575821104124
99,ball_tree,81,9,2,distance,0.7896575821104124
100,auto,21,7,3,distance,0.7896575821104124
101,kd_tree,21,7,3,distance,0.7896575821104124
102,kd_tree,21,9,2,distance,0.7896575821104124
103,ball_tree,61,9,2,distance,0.7896575821104124
104,kd_tree,41,9,2,distance,0.7896575821104124
105,ball_tree,91,7,3,distance,0.7896575821104124
106,auto,41,7,3,distance,0.7896575821104124
107,kd_tree,61,7,3,distance,0.7896575821104124
108,ball_tree,61,7,3,distance,0.7896575821104124
109,brute,81,9,2,distance,0.7896575821104124
110,brute,91,7,3,distance,0.7896575821104124
111,ball_tree,51,7,3,distance,0.7896575821104124
112,brute,21,7,3,distance,0.7896575821104124
113,brute,1,7,3,distance,0.7896575821104124
114,kd_tree,61,9,2,distance,0.7896575821104124
115,ball_tree,11,7,3,distance,0.7896575821104124
116,brute,1,9,2,distance,0.7896575821104124
117,auto,1,9,2,distance,0.7896575821104124
118,brute,11,7,3,distance,0.7896575821104124
119,ball_tree,1,9,2,distance,0.7896575821104124
120,ball_tree,1,7,3,distance,0.7896575821104124
121,brute,11,9,2,distance,0.7896575821104124
122,auto,1,7,3,distance,0.7896575821104124
123,auto,91,9,2,distance,0.7896575821104124
124,auto,91,7,3,distance,0.7896575821104124
125,brute,21,9,2,distance,0.7896575821104124
126,ball_tree,11,9,2,distance,0.7896575821104124
127,auto,61,7,3,distance,0.7896575821104124
128,brute,81,7,3,distance,0.7896575821104124
129,brute,31,7,3,distance,0.7896575821104124
130,auto,81,9,2,distance,0.7896575821104124
131,brute,91,9,2,distance,0.7896575821104124
132,auto,81,7,3,distance,0.7896575821104124
133,brute,31,9,2,distance,0.7896575821104124
134,auto,61,9,2,distance,0.7896575821104124
135,auto,71,9,2,distance,0.7896575821104124
136,brute,41,7,3,distance,0.7896575821104124
137,brute,41,9,2,distance,0.7896575821104124
138,auto,71,7,3,distance,0.7896575821104124
139,brute,51,7,3,distance,0.7896575821104124
140,auto,31,7,3,distance,0.7896575821104124
141,kd_tree,81,7,3,distance,0.7896575821104124
142,auto,51,7,3,distance,0.7896575821104124
143,kd_tree,71,9,2,distance,0.7896575821104124
144,ball_tree,31,9,2,distance,0.7896575821104124
145,brute,71,9,2,distance,0.7896575821104124
146,auto,11,7,3,distance,0.7896575821104124
147,ball_tree,31,7,3,distance,0.7896575821104124
148,ball_tree,41,7,3,distance,0.7896575821104124
149,kd_tree,81,9,2,distance,0.7896575821104124
150,kd_tree,71,7,3,distance,0.7896575821104124
151,kd_tree,1,7,3,distance,0.7896575821104124
152,ball_tree,41,9,2,distance,0.7896575821104124
153,brute,51,9,2,distance,0.7896575821104124
154,kd_tree,91,7,3,distance,0.7896575821104124
155,ball_tree,21,9,2,distance,0.7896575821104124
156,kd_tree,91,9,2,distance,0.7896575821104124
157,ball_tree,21,7,3,distance,0.7896575821104124
158,auto,51,9,2,distance,0.7896575821104124
159,auto,11,9,2,distance,0.7896575821104124
160,auto,71,3,2,distance,0.7872990915443746
161,auto,81,3,2,distance,0.7872990915443746
162,ball_tree,51,3,2,distance,0.7872990915443746
163,ball_tree,61,3,2,distance,0.7872990915443746
164,kd_tree,1,3,2,distance,0.7872990915443746
165,auto,51,3,2,distance,0.7872990915443746
166,ball_tree,21,3,2,distance,0.7872990915443746
167,ball_tree,41,3,2,distance,0.7872990915443746
168,brute,91,3,2,distance,0.7872990915443746
169,auto,91,3,2,distance,0.7872990915443746
170,brute,71,3,2,distance,0.7872990915443746
171,ball_tree,81,3,2,distance,0.7872990915443746
172,auto,41,3,2,distance,0.7872990915443746
173,ball_tree,1,3,2,distance,0.7872990915443746
174,ball_tree,91,3,2,distance,0.7872990915443746
175,ball_tree,31,3,2,distance,0.7872990915443746
176,ball_tree,71,3,2,distance,0.7872990915443746
177,ball_tree,11,3,2,distance,0.7872990915443746
178,brute,81,3,2,distance,0.7872990915443746
179,auto,61,3,2,distance,0.7872990915443746
180,kd_tree,11,3,2,distance,0.7872990915443746
181,auto,31,3,2,distance,0.7872990915443746
182,brute,61,3,2,distance,0.7872990915443746
183,kd_tree,31,3,2,distance,0.7872990915443746
184,brute,1,3,2,distance,0.7872990915443746
185,kd_tree,51,3,2,distance,0.7872990915443746
186,kd_tree,81,3,2,distance,0.7872990915443746
187,auto,11,3,2,distance,0.7872990915443746
188,brute,11,3,2,distance,0.7872990915443746
189,kd_tree,41,3,2,distance,0.7872990915443746
190,kd_tree,91,3,2,distance,0.7872990915443746
191,kd_tree,21,3,2,distance,0.7872990915443746
192,brute,21,3,2,distance,0.7872990915443746
193,brute,31,3,2,distance,0.7872990915443746
194,kd_tree,71,3,2,distance,0.7872990915443746
195,auto,21,3,2,distance,0.7872990915443746
196,brute,41,3,2,distance,0.7872990915443746
197,brute,51,3,2,distance,0.7872990915443746
198,auto,1,3,2,distance,0.7872990915443746
199,kd_tree,61,3,2,distance,0.7872990915443746
200,ball_tree,41,9,3,distance,0.7850279524807826
201,auto,11,9,3,distance,0.7850279524807826
202,kd_tree,71,9,3,distance,0.7850279524807826
203,kd_tree,61,9,3,distance,0.7850279524807826
204,brute,71,9,3,distance,0.7850279524807826
205,ball_tree,51,9,3,distance,0.7850279524807826
206,auto,41,9,3,distance,0.7850279524807826
207,brute,51,9,3,distance,0.7850279524807826
208,kd_tree,81,9,3,distance,0.7850279524807826
209,ball_tree,31,9,3,distance,0.7850279524807826
210,ball_tree,21,9,3,distance,0.7850279524807826
211,brute,21,9,3,distance,0.7850279524807826
212,brute,81,9,3,distance,0.7850279524807826
213,brute,41,9,3,distance,0.7850279524807826
214,auto,71,9,3,distance,0.7850279524807826
215,auto,61,9,3,distance,0.7850279524807826
216,brute,31,9,3,distance,0.7850279524807826
217,auto,81,9,3,distance,0.7850279524807826
218,auto,91,9,3,distance,0.7850279524807826
219,kd_tree,91,9,3,distance,0.7850279524807826
220,brute,11,9,3,distance,0.7850279524807826
221,ball_tree,1,9,3,distance,0.7850279524807826
222,auto,1,9,3,distance,0.7850279524807826
223,brute,1,9,3,distance,0.7850279524807826
224,ball_tree,11,9,3,distance,0.7850279524807826
225,auto,51,9,3,distance,0.7850279524807826
226,kd_tree,51,9,3,distance,0.7850279524807826
227,brute,91,9,3,distance,0.7850279524807826
228,ball_tree,81,9,3,distance,0.7850279524807826
229,kd_tree,31,9,3,distance,0.7850279524807826
230,kd_tree,21,9,3,distance,0.7850279524807826
231,ball_tree,91,9,3,distance,0.7850279524807826
232,kd_tree,11,9,3,distance,0.7850279524807826
233,auto,31,9,3,distance,0.7850279524807826
234,ball_tree,61,9,3,distance,0.7850279524807826
235,brute,61,9,3,distance,0.7850279524807826
236,ball_tree,71,9,3,distance,0.7850279524807826
237,kd_tree,1,9,3,distance,0.7850279524807826
238,auto,21,9,3,distance,0.7850279524807826
239,kd_tree,41,9,3,distance,0.7850279524807826
240,kd_tree,21,8,2,distance,0.7849842767295598
241,ball_tree,21,8,2,distance,0.7849842767295598
242,brute,51,8,2,distance,0.7849842767295598
243,kd_tree,91,8,2,distance,0.7849842767295598
244,ball_tree,81,8,2,distance,0.7849842767295598
245,auto,51,8,2,distance,0.7849842767295598
246,brute,91,8,2,distance,0.7849842767295598
247,ball_tree,11,8,2,distance,0.7849842767295598
248,kd_tree,31,8,2,distance,0.7849842767295598
249,brute,1,8,2,distance,0.7849842767295598
250,brute,61,8,2,distance,0.7849842767295598
251,ball_tree,91,8,2,distance,0.7849842767295598
252,ball_tree,1,8,2,distance,0.7849842767295598
253,brute,11,8,2,distance,0.7849842767295598
254,auto,1,8,2,distance,0.7849842767295598
255,ball_tree,31,8,2,distance,0.7849842767295598
256,auto,91,8,2,distance,0.7849842767295598
257,brute,21,8,2,distance,0.7849842767295598
258,auto,61,8,2,distance,0.7849842767295598
259,auto,81,8,2,distance,0.7849842767295598
260,brute,31,8,2,distance,0.7849842767295598
261,kd_tree,11,8,2,distance,0.7849842767295598
262,brute,81,8,2,distance,0.7849842767295598
263,auto,71,8,2,distance,0.7849842767295598
264,brute,41,8,2,distance,0.7849842767295598
265,kd_tree,1,8,2,distance,0.7849842767295598
266,auto,31,8,2,distance,0.7849842767295598
267,kd_tree,81,8,2,distance,0.7849842767295598
268,ball_tree,61,8,2,distance,0.7849842767295598
269,kd_tree,41,8,2,distance,0.7849842767295598
270,auto,21,8,2,distance,0.7849842767295598
271,auto,41,8,2,distance,0.7849842767295598
272,ball_tree,71,8,2,distance,0.7849842767295598
273,kd_tree,71,8,2,distance,0.7849842767295598
274,kd_tree,51,8,2,distance,0.7849842767295598
275,brute,71,8,2,distance,0.7849842767295598
276,ball_tree,41,8,2,distance,0.7849842767295598
277,ball_tree,51,8,2,distance,0.7849842767295598
278,kd_tree,61,8,2,distance,0.7849842767295598
279,auto,11,8,2,distance,0.7849842767295598
280,auto,1,8,2,uniform,0.7803983228511531
281,auto,91,8,2,uniform,0.7803983228511531
282,ball_tree,31,8,2,uniform,0.7803983228511531
283,auto,21,8,2,uniform,0.7803983228511531
284,brute,71,8,2,uniform,0.7803983228511531
285,kd_tree,81,8,2,uniform,0.7803983228511531
286,ball_tree,91,8,2,uniform,0.7803983228511531
287,ball_tree,1,8,2,uniform,0.7803983228511531
288,brute,21,8,2,uniform,0.7803983228511531
289,auto,61,8,2,uniform,0.7803983228511531
290,kd_tree,61,8,2,uniform,0.7803983228511531
291,kd_tree,21,8,2,uniform,0.7803983228511531
292,ball_tree,51,8,2,uniform,0.7803983228511531
293,brute,31,8,2,uniform,0.7803983228511531
294,auto,81,8,2,uniform,0.7803983228511531
295,kd_tree,41,8,2,uniform,0.7803983228511531
296,kd_tree,11,8,2,uniform,0.7803983228511531
297,brute,81,8,2,uniform,0.7803983228511531
298,kd_tree,51,8,2,uniform,0.7803983228511531
299,brute,41,8,2,uniform,0.7803983228511531
300,auto,71,8,2,uniform,0.7803983228511531
301,auto,41,8,2,uniform,0.7803983228511531
302,brute,11,8,2,uniform,0.7803983228511531
303,kd_tree,1,8,2,uniform,0.7803983228511531
304,brute,91,8,2,uniform,0.7803983228511531
305,kd_tree,31,8,2,uniform,0.7803983228511531
306,auto,51,8,2,uniform,0.7803983228511531
307,ball_tree,21,8,2,uniform,0.7803983228511531
308,ball_tree,81,8,2,uniform,0.7803983228511531
309,ball_tree,61,8,2,uniform,0.7803983228511531
310,brute,51,8,2,uniform,0.7803983228511531
311,auto,11,8,2,uniform,0.7803983228511531
312,brute,61,8,2,uniform,0.7803983228511531
313,kd_tree,71,8,2,uniform,0.7803983228511531
314,kd_tree,91,8,2,uniform,0.7803983228511531
315,auto,31,8,2,uniform,0.7803983228511531
316,ball_tree,11,8,2,uniform,0.7803983228511531
317,ball_tree,71,8,2,uniform,0.7803983228511531
318,brute,1,8,2,uniform,0.7803983228511531
319,ball_tree,41,8,2,uniform,0.7803983228511531
320,brute,61,6,2,uniform,0.7781708595387842
321,auto,81,6,2,uniform,0.7781708595387842
322,auto,71,6,2,uniform,0.7781708595387842
323,kd_tree,81,6,2,uniform,0.7781708595387842
324,kd_tree,31,6,2,uniform,0.7781708595387842
325,ball_tree,61,6,2,uniform,0.7781708595387842
326,kd_tree,91,6,2,uniform,0.7781708595387842
327,kd_tree,11,6,2,uniform,0.7781708595387842
328,ball_tree,81,6,2,uniform,0.7781708595387842
329,kd_tree,1,6,2,uniform,0.7781708595387842
330,brute,41,6,2,uniform,0.7781708595387842
331,kd_tree,51,6,2,uniform,0.7781708595387842
332,ball_tree,31,6,2,uniform,0.7781708595387842
333,brute,11,6,2,uniform,0.7781708595387842
334,kd_tree,41,6,2,uniform,0.7781708595387842
335,kd_tree,21,6,2,uniform,0.7781708595387842
336,ball_tree,11,6,2,uniform,0.7781708595387842
337,brute,71,6,2,uniform,0.7781708595387842
338,kd_tree,71,6,2,uniform,0.7781708595387842
339,brute,81,6,2,uniform,0.7781708595387842
340,brute,51,6,2,uniform,0.7781708595387842
341,brute,1,6,2,uniform,0.7781708595387842
342,brute,21,6,2,uniform,0.7781708595387842
343,kd_tree,61,6,2,uniform,0.7781708595387842
344,auto,91,6,2,uniform,0.7781708595387842
345,ball_tree,51,6,2,uniform,0.7781708595387842
346,ball_tree,21,6,2,uniform,0.7781708595387842
347,brute,31,6,2,uniform,0.7781708595387842
348,ball_tree,41,6,2,uniform,0.7781708595387842
349,ball_tree,91,6,2,uniform,0.7781708595387842
350,ball_tree,1,6,2,uniform,0.7781708595387842
351,ball_tree,71,6,2,uniform,0.7781708595387842
352,auto,31,6,2,uniform,0.7781708595387842
353,auto,51,6,2,uniform,0.7781708595387842
354,auto,41,6,2,uniform,0.7781708595387842
355,auto,61,6,2,uniform,0.7781708595387842
356,auto,11,6,2,uniform,0.7781708595387842
357,auto,1,6,2,uniform,0.7781708595387842
358,auto,21,6,2,uniform,0.7781708595387842
359,brute,91,6,2,uniform,0.7781708595387842
360,ball_tree,61,7,2,distance,0.7780398322851152
361,ball_tree,81,7,2,distance,0.7780398322851152
362,brute,31,7,2,distance,0.7780398322851152
363,auto,1,7,2,distance,0.7780398322851152
364,ball_tree,21,7,2,distance,0.7780398322851152
365,kd_tree,11,7,2,distance,0.7780398322851152
366,brute,61,7,2,distance,0.7780398322851152
367,ball_tree,1,7,2,distance,0.7780398322851152
368,auto,41,7,2,distance,0.7780398322851152
369,brute,21,7,2,distance,0.7780398322851152
370,brute,1,7,2,distance,0.7780398322851152
371,auto,61,7,2,distance,0.7780398322851152
372,brute,81,7,2,distance,0.7780398322851152
373,kd_tree,41,7,2,distance,0.7780398322851152
374,ball_tree,11,7,2,distance,0.7780398322851152
375,brute,71,7,2,distance,0.7780398322851152
376,auto,81,7,2,distance,0.7780398322851152
377,ball_tree,51,7,2,distance,0.7780398322851152
378,kd_tree,31,7,2,distance,0.7780398322851152
379,brute,51,7,2,distance,0.7780398322851152
380,kd_tree,61,7,2,distance,0.7780398322851152
381,kd_tree,21,7,2,distance,0.7780398322851152
382,kd_tree,71,7,2,distance,0.7780398322851152
383,auto,21,7,2,distance,0.7780398322851152
384,kd_tree,91,7,2,distance,0.7780398322851152
385,brute,91,7,2,distance,0.7780398322851152
386,kd_tree,51,7,2,distance,0.7780398322851152
387,auto,11,7,2,distance,0.7780398322851152
388,kd_tree,81,7,2,distance,0.7780398322851152
389,kd_tree,1,7,2,distance,0.7780398322851152
390,brute,11,7,2,distance,0.7780398322851152
391,auto,51,7,2,distance,0.7780398322851152
392,ball_tree,31,7,2,distance,0.7780398322851152
393,ball_tree,91,7,2,distance,0.7780398322851152
394,ball_tree,41,7,2,distance,0.7780398322851152
395,auto,71,7,2,distance,0.7780398322851152
396,auto,91,7,2,distance,0.7780398322851152
397,brute,41,7,2,distance,0.7780398322851152
398,ball_tree,71,7,2,distance,0.7780398322851152
399,auto,31,7,2,distance,0.7780398322851152
400,ball_tree,31,8,3,distance,0.7779961565338924
401,brute,11,8,3,distance,0.7779961565338924
402,auto,31,8,3,distance,0.7779961565338924
403,auto,81,8,3,distance,0.7779961565338924
404,kd_tree,51,8,3,distance,0.7779961565338924
405,brute,81,8,3,distance,0.7779961565338924
406,kd_tree,81,8,3,distance,0.7779961565338924
407,auto,91,8,3,distance,0.7779961565338924
408,auto,61,8,3,distance,0.7779961565338924
409,kd_tree,31,8,3,distance,0.7779961565338924
410,brute,91,8,3,distance,0.7779961565338924
411,brute,51,8,3,distance,0.7779961565338924
412,kd_tree,21,8,3,distance,0.7779961565338924
413,ball_tree,51,8,3,distance,0.7779961565338924
414,ball_tree,91,8,3,distance,0.7779961565338924
415,ball_tree,1,8,3,distance,0.7779961565338924
416,auto,21,8,3,distance,0.7779961565338924
417,kd_tree,91,8,3,distance,0.7779961565338924
418,brute,61,8,3,distance,0.7779961565338924
419,kd_tree,71,8,3,distance,0.7779961565338924
420,kd_tree,41,8,3,distance,0.7779961565338924
421,kd_tree,11,8,3,distance,0.7779961565338924
422,auto,51,8,3,distance,0.7779961565338924
423,ball_tree,21,8,3,distance,0.7779961565338924
424,kd_tree,61,8,3,distance,0.7779961565338924
425,kd_tree,1,8,3,distance,0.7779961565338924
426,brute,71,8,3,distance,0.7779961565338924
427,auto,11,8,3,distance,0.7779961565338924
428,auto,71,8,3,distance,0.7779961565338924
429,ball_tree,81,8,3,distance,0.7779961565338924
430,auto,41,8,3,distance,0.7779961565338924
431,brute,41,8,3,distance,0.7779961565338924
432,brute,21,8,3,distance,0.7779961565338924
433,ball_tree,41,8,3,distance,0.7779961565338924
434,brute,31,8,3,distance,0.7779961565338924
435,ball_tree,61,8,3,distance,0.7779961565338924
436,ball_tree,11,8,3,distance,0.7779961565338924
437,ball_tree,71,8,3,distance,0.7779961565338924
438,auto,1,8,3,distance,0.7779961565338924
439,brute,1,8,3,distance,0.7779961565338924
440,ball_tree,81,5,2,uniform,0.7757686932215234
441,brute,71,5,2,uniform,0.7757686932215234
442,auto,1,5,2,uniform,0.7757686932215234
443,ball_tree,1,5,2,uniform,0.7757686932215234
444,kd_tree,31,5,2,uniform,0.7757686932215234
445,auto,31,5,2,uniform,0.7757686932215234
446,auto,61,5,2,uniform,0.7757686932215234
447,ball_tree,21,5,2,uniform,0.7757686932215234
448,brute,91,5,2,uniform,0.7757686932215234
449,kd_tree,1,5,2,uniform,0.7757686932215234
450,ball_tree,31,5,2,uniform,0.7757686932215234
451,brute,11,5,2,uniform,0.7757686932215234
452,kd_tree,81,5,2,uniform,0.7757686932215234
453,brute,21,5,2,uniform,0.7757686932215234
454,kd_tree,11,5,2,uniform,0.7757686932215234
455,ball_tree,91,5,2,uniform,0.7757686932215234
456,ball_tree,71,5,2,uniform,0.7757686932215234
457,brute,31,5,2,uniform,0.7757686932215234
458,ball_tree,51,5,2,uniform,0.7757686932215234
459,kd_tree,91,5,2,uniform,0.7757686932215234
460,brute,51,5,2,uniform,0.7757686932215234
461,kd_tree,21,5,2,uniform,0.7757686932215234
462,ball_tree,11,5,2,uniform,0.7757686932215234
463,brute,81,5,2,uniform,0.7757686932215234
464,ball_tree,41,5,2,uniform,0.7757686932215234
465,kd_tree,71,5,2,uniform,0.7757686932215234
466,ball_tree,61,5,2,uniform,0.7757686932215234
467,auto,51,5,2,uniform,0.7757686932215234
468,auto,81,5,2,uniform,0.7757686932215234
469,auto,71,5,2,uniform,0.7757686932215234
470,brute,61,5,2,uniform,0.7757686932215234
471,kd_tree,41,5,2,uniform,0.7757686932215234
472,auto,91,5,2,uniform,0.7757686932215234
473,auto,21,5,2,uniform,0.7757686932215234
474,kd_tree,61,5,2,uniform,0.7757686932215234
475,kd_tree,51,5,2,uniform,0.7757686932215234
476,auto,41,5,2,uniform,0.7757686932215234
477,auto,11,5,2,uniform,0.7757686932215234
478,brute,41,5,2,uniform,0.7757686932215234
479,brute,1,5,2,uniform,0.7757686932215234
480,kd_tree,61,6,3,uniform,0.7757250174703005
481,auto,41,6,3,uniform,0.7757250174703005
482,ball_tree,1,6,3,uniform,0.7757250174703005
483,ball_tree,51,6,3,uniform,0.7757250174703005
484,ball_tree,61,6,3,uniform,0.7757250174703005
485,kd_tree,81,6,3,uniform,0.7757250174703005
486,auto,81,6,3,uniform,0.7757250174703005
487,kd_tree,51,6,3,uniform,0.7757250174703005
488,brute,61,6,3,uniform,0.7757250174703005
489,ball_tree,91,6,3,uniform,0.7757250174703005
490,kd_tree,41,6,3,uniform,0.7757250174703005
491,kd_tree,71,6,3,uniform,0.7757250174703005
492,auto,1,6,3,uniform,0.7757250174703005
493,brute,41,6,3,uniform,0.7757250174703005
494,auto,21,6,3,uniform,0.7757250174703005
495,ball_tree,31,6,3,uniform,0.7757250174703005
496,kd_tree,11,6,3,uniform,0.7757250174703005
497,ball_tree,21,6,3,uniform,0.7757250174703005
498,auto,31,6,3,uniform,0.7757250174703005
499,brute,21,6,3,uniform,0.7757250174703005
500,ball_tree,11,6,3,uniform,0.7757250174703005
501,kd_tree,21,6,3,uniform,0.7757250174703005
502,ball_tree,81,6,3,uniform,0.7757250174703005
503,kd_tree,91,6,3,uniform,0.7757250174703005
504,auto,71,6,3,uniform,0.7757250174703005
505,brute,11,6,3,uniform,0.7757250174703005
506,auto,61,6,3,uniform,0.7757250174703005
507,brute,31,6,3,uniform,0.7757250174703005
508,auto,91,6,3,uniform,0.7757250174703005
509,ball_tree,71,6,3,uniform,0.7757250174703005
510,brute,71,6,3,uniform,0.7757250174703005
511,auto,51,6,3,uniform,0.7757250174703005
512,brute,81,6,3,uniform,0.7757250174703005
513,brute,1,6,3,uniform,0.7757250174703005
514,kd_tree,1,6,3,uniform,0.7757250174703005
515,ball_tree,41,6,3,uniform,0.7757250174703005
516,brute,51,6,3,uniform,0.7757250174703005
517,kd_tree,31,6,3,uniform,0.7757250174703005
518,brute,91,6,3,uniform,0.7757250174703005
519,auto,11,6,3,uniform,0.7757250174703005
520,ball_tree,91,4,2,distance,0.7756813417190775
521,ball_tree,51,4,2,distance,0.7756813417190775
522,kd_tree,11,8,3,uniform,0.7756813417190775
523,auto,81,4,2,distance,0.7756813417190775
524,ball_tree,21,4,2,distance,0.7756813417190775
525,brute,81,8,3,uniform,0.7756813417190775
526,kd_tree,61,4,2,distance,0.7756813417190775
527,brute,71,8,3,uniform,0.7756813417190775
528,ball_tree,91,8,3,uniform,0.7756813417190775
529,brute,21,8,3,uniform,0.7756813417190775
530,ball_tree,71,4,2,distance,0.7756813417190775
531,ball_tree,71,8,3,uniform,0.7756813417190775
532,brute,71,4,2,distance,0.7756813417190775
533,brute,91,4,2,distance,0.7756813417190775
534,ball_tree,41,4,2,distance,0.7756813417190775
535,brute,81,4,2,distance,0.7756813417190775
536,ball_tree,61,8,3,uniform,0.7756813417190775
537,ball_tree,11,8,3,uniform,0.7756813417190775
538,auto,71,4,2,distance,0.7756813417190775
539,kd_tree,11,4,2,distance,0.7756813417190775
540,kd_tree,51,4,2,distance,0.7756813417190775
541,brute,21,4,2,distance,0.7756813417190775
542,ball_tree,41,8,3,uniform,0.7756813417190775
543,auto,71,8,3,uniform,0.7756813417190775
544,auto,31,8,3,uniform,0.7756813417190775
545,brute,41,8,3,uniform,0.7756813417190775
546,brute,91,8,3,uniform,0.7756813417190775
547,kd_tree,51,8,3,uniform,0.7756813417190775
548,auto,51,4,2,distance,0.7756813417190775
549,kd_tree,1,8,3,uniform,0.7756813417190775
550,ball_tree,31,8,3,uniform,0.7756813417190775
551,auto,11,8,3,uniform,0.7756813417190775
552,brute,11,8,3,uniform,0.7756813417190775
553,brute,1,4,2,distance,0.7756813417190775
554,kd_tree,81,4,2,distance,0.7756813417190775
555,auto,11,4,2,distance,0.7756813417190775
556,kd_tree,91,4,2,distance,0.7756813417190775
557,brute,11,4,2,distance,0.7756813417190775
558,auto,51,8,3,uniform,0.7756813417190775
559,kd_tree,81,8,3,uniform,0.7756813417190775
560,brute,61,4,2,distance,0.7756813417190775
561,ball_tree,21,8,3,uniform,0.7756813417190775
562,kd_tree,1,4,2,distance,0.7756813417190775
563,auto,1,8,3,uniform,0.7756813417190775
564,ball_tree,31,4,2,distance,0.7756813417190775
565,brute,31,8,3,uniform,0.7756813417190775
566,ball_tree,51,8,3,uniform,0.7756813417190775
567,kd_tree,71,4,2,distance,0.7756813417190775
568,ball_tree,1,8,3,uniform,0.7756813417190775
569,brute,1,8,3,uniform,0.7756813417190775
570,kd_tree,61,8,3,uniform,0.7756813417190775
571,brute,61,8,3,uniform,0.7756813417190775
572,auto,91,4,2,distance,0.7756813417190775
573,auto,21,8,3,uniform,0.7756813417190775
574,auto,61,8,3,uniform,0.7756813417190775
575,brute,31,4,2,distance,0.7756813417190775
576,auto,81,8,3,uniform,0.7756813417190775
577,kd_tree,31,8,3,uniform,0.7756813417190775
578,kd_tree,91,8,3,uniform,0.7756813417190775
579,kd_tree,41,4,2,distance,0.7756813417190775
580,ball_tree,11,4,2,distance,0.7756813417190775
581,ball_tree,1,4,2,distance,0.7756813417190775
582,auto,41,4,2,distance,0.7756813417190775
583,kd_tree,31,4,2,distance,0.7756813417190775
584,kd_tree,21,4,2,distance,0.7756813417190775
585,brute,51,8,3,uniform,0.7756813417190775
586,auto,1,4,2,distance,0.7756813417190775
587,auto,41,8,3,uniform,0.7756813417190775
588,brute,51,4,2,distance,0.7756813417190775
589,auto,91,8,3,uniform,0.7756813417190775
590,kd_tree,71,8,3,uniform,0.7756813417190775
591,ball_tree,81,8,3,uniform,0.7756813417190775
592,brute,41,4,2,distance,0.7756813417190775
593,kd_tree,21,8,3,uniform,0.7756813417190775
594,auto,31,4,2,distance,0.7756813417190775
595,ball_tree,61,4,2,distance,0.7756813417190775
596,auto,21,4,2,distance,0.7756813417190775
597,kd_tree,41,8,3,uniform,0.7756813417190775
598,ball_tree,81,4,2,distance,0.7756813417190775
599,auto,61,4,2,distance,0.7756813417190775
600,kd_tree,71,4,2,uniform,0.7733665269042628
601,kd_tree,21,4,2,uniform,0.7733665269042628
602,kd_tree,51,7,3,uniform,0.7733665269042628
603,kd_tree,81,7,3,uniform,0.7733665269042628
604,auto,11,4,2,uniform,0.7733665269042628
605,kd_tree,31,4,2,uniform,0.7733665269042628
606,auto,91,4,2,uniform,0.7733665269042628
607,ball_tree,1,7,3,uniform,0.7733665269042628
608,kd_tree,91,4,2,uniform,0.7733665269042628
609,brute,81,7,3,uniform,0.7733665269042628
610,brute,51,7,3,uniform,0.7733665269042628
611,kd_tree,1,7,3,uniform,0.7733665269042628
612,brute,61,7,3,uniform,0.7733665269042628
613,brute,1,7,3,uniform,0.7733665269042628
614,auto,71,7,3,uniform,0.7733665269042628
615,ball_tree,81,4,2,uniform,0.7733665269042628
616,brute,71,7,3,uniform,0.7733665269042628
617,brute,91,4,2,uniform,0.7733665269042628
618,ball_tree,41,4,2,uniform,0.7733665269042628
619,ball_tree,61,4,2,uniform,0.7733665269042628
620,ball_tree,41,7,3,uniform,0.7733665269042628
621,kd_tree,1,4,2,uniform,0.7733665269042628
622,brute,31,7,3,uniform,0.7733665269042628
623,brute,11,7,3,uniform,0.7733665269042628
624,brute,51,4,2,uniform,0.7733665269042628
625,ball_tree,71,4,2,uniform,0.7733665269042628
626,auto,71,4,2,uniform,0.7733665269042628
627,kd_tree,41,4,2,uniform,0.7733665269042628
628,ball_tree,91,7,3,uniform,0.7733665269042628
629,kd_tree,31,7,3,uniform,0.7733665269042628
630,ball_tree,1,4,2,uniform,0.7733665269042628
631,kd_tree,91,7,3,uniform,0.7733665269042628
632,ball_tree,71,7,3,uniform,0.7733665269042628
633,auto,11,7,3,uniform,0.7733665269042628
634,kd_tree,61,4,2,uniform,0.7733665269042628
635,ball_tree,31,7,3,uniform,0.7733665269042628
636,ball_tree,31,4,2,uniform,0.7733665269042628
637,brute,21,4,2,uniform,0.7733665269042628
638,auto,1,7,3,uniform,0.7733665269042628
639,kd_tree,21,7,3,uniform,0.7733665269042628
640,auto,51,4,2,uniform,0.7733665269042628
641,kd_tree,11,7,3,uniform,0.7733665269042628
642,auto,81,4,2,uniform,0.7733665269042628
643,kd_tree,61,7,3,uniform,0.7733665269042628
644,ball_tree,51,4,2,uniform,0.7733665269042628
645,kd_tree,71,7,3,uniform,0.7733665269042628
646,ball_tree,21,4,2,uniform,0.7733665269042628
647,auto,41,7,3,uniform,0.7733665269042628
648,ball_tree,91,4,2,uniform,0.7733665269042628
649,auto,21,7,3,uniform,0.7733665269042628
650,brute,21,7,3,uniform,0.7733665269042628
651,brute,71,4,2,uniform,0.7733665269042628
652,ball_tree,51,7,3,uniform,0.7733665269042628
653,auto,91,7,3,uniform,0.7733665269042628
654,brute,61,4,2,uniform,0.7733665269042628
655,brute,41,4,2,uniform,0.7733665269042628
656,brute,81,4,2,uniform,0.7733665269042628
657,brute,91,7,3,uniform,0.7733665269042628
658,auto,41,4,2,uniform,0.7733665269042628
659,auto,81,7,3,uniform,0.7733665269042628
660,ball_tree,11,7,3,uniform,0.7733665269042628
661,ball_tree,11,4,2,uniform,0.7733665269042628
662,ball_tree,61,7,3,uniform,0.7733665269042628
663,kd_tree,81,4,2,uniform,0.7733665269042628
664,auto,21,4,2,uniform,0.7733665269042628
665,auto,1,4,2,uniform,0.7733665269042628
666,kd_tree,41,7,3,uniform,0.7733665269042628
667,auto,61,7,3,uniform,0.7733665269042628
668,brute,1,4,2,uniform,0.7733665269042628
669,brute,31,4,2,uniform,0.7733665269042628
670,kd_tree,11,4,2,uniform,0.7733665269042628
671,brute,11,4,2,uniform,0.7733665269042628
672,auto,31,4,2,uniform,0.7733665269042628
673,ball_tree,21,7,3,uniform,0.7733665269042628
674,auto,61,4,2,uniform,0.7733665269042628
675,brute,41,7,3,uniform,0.7733665269042628
676,auto,51,7,3,uniform,0.7733665269042628
677,auto,31,7,3,uniform,0.7733665269042628
678,kd_tree,51,4,2,uniform,0.7733665269042628
679,ball_tree,81,7,3,uniform,0.7733665269042628
680,ball_tree,61,4,3,distance,0.7709206848357792
681,brute,71,4,3,distance,0.7709206848357792
682,brute,91,4,3,distance,0.7709206848357792
683,brute,11,4,3,distance,0.7709206848357792
684,ball_tree,81,4,3,distance,0.7709206848357792
685,auto,41,4,3,distance,0.7709206848357792
686,ball_tree,51,4,3,distance,0.7709206848357792
687,auto,51,4,3,distance,0.7709206848357792
688,kd_tree,91,4,3,distance,0.7709206848357792
689,auto,11,4,3,distance,0.7709206848357792
690,ball_tree,91,4,3,distance,0.7709206848357792
691,brute,1,4,3,distance,0.7709206848357792
692,ball_tree,21,4,3,distance,0.7709206848357792
693,auto,61,4,3,distance,0.7709206848357792
694,kd_tree,31,4,3,distance,0.7709206848357792
695,auto,71,4,3,distance,0.7709206848357792
696,kd_tree,11,4,3,distance,0.7709206848357792
697,kd_tree,21,4,3,distance,0.7709206848357792
698,brute,81,4,3,distance,0.7709206848357792
699,auto,31,4,3,distance,0.7709206848357792
700,ball_tree,11,4,3,distance,0.7709206848357792
701,brute,51,4,3,distance,0.7709206848357792
702,brute,31,4,3,distance,0.7709206848357792
703,kd_tree,71,4,3,distance,0.7709206848357792
704,ball_tree,1,4,3,distance,0.7709206848357792
705,brute,21,4,3,distance,0.7709206848357792
706,auto,1,4,3,distance,0.7709206848357792
707,auto,91,4,3,distance,0.7709206848357792
708,kd_tree,41,4,3,distance,0.7709206848357792
709,brute,41,4,3,distance,0.7709206848357792
710,auto,21,4,3,distance,0.7709206848357792
711,auto,81,4,3,distance,0.7709206848357792
712,kd_tree,51,4,3,distance,0.7709206848357792
713,kd_tree,61,4,3,distance,0.7709206848357792
714,brute,61,4,3,distance,0.7709206848357792
715,kd_tree,81,4,3,distance,0.7709206848357792
716,ball_tree,71,4,3,distance,0.7709206848357792
717,kd_tree,1,4,3,distance,0.7709206848357792
718,ball_tree,31,4,3,distance,0.7709206848357792
719,ball_tree,41,4,3,distance,0.7709206848357792
720,auto,81,6,3,distance,0.7708770090845563
721,ball_tree,11,6,3,distance,0.7708770090845563
722,brute,91,6,3,distance,0.7708770090845563
723,auto,11,6,3,distance,0.7708770090845563
724,ball_tree,1,6,3,distance,0.7708770090845563
725,kd_tree,61,6,3,distance,0.7708770090845563
726,ball_tree,81,6,3,distance,0.7708770090845563
727,ball_tree,51,6,3,distance,0.7708770090845563
728,auto,91,6,3,distance,0.7708770090845563
729,brute,11,6,3,distance,0.7708770090845563
730,auto,51,6,3,distance,0.7708770090845563
731,ball_tree,61,6,3,distance,0.7708770090845563
732,kd_tree,21,6,3,distance,0.7708770090845563
733,kd_tree,91,6,3,distance,0.7708770090845563
734,kd_tree,71,6,3,distance,0.7708770090845563
735,ball_tree,41,6,3,distance,0.7708770090845563
736,brute,51,6,3,distance,0.7708770090845563
737,kd_tree,41,6,3,distance,0.7708770090845563
738,brute,71,6,3,distance,0.7708770090845563
739,auto,21,6,3,distance,0.7708770090845563
740,auto,1,6,3,distance,0.7708770090845563
741,brute,41,6,3,distance,0.7708770090845563
742,brute,31,6,3,distance,0.7708770090845563
743,ball_tree,91,6,3,distance,0.7708770090845563
744,kd_tree,81,6,3,distance,0.7708770090845563
745,kd_tree,1,6,3,distance,0.7708770090845563
746,brute,1,6,3,distance,0.7708770090845563
747,ball_tree,31,6,3,distance,0.7708770090845563
748,auto,31,6,3,distance,0.7708770090845563
749,auto,41,6,3,distance,0.7708770090845563
750,auto,71,6,3,distance,0.7708770090845563
751,ball_tree,21,6,3,distance,0.7708770090845563
752,ball_tree,71,6,3,distance,0.7708770090845563
753,kd_tree,11,6,3,distance,0.7708770090845563
754,brute,81,6,3,distance,0.7708770090845563
755,brute,21,6,3,distance,0.7708770090845563
756,kd_tree,31,6,3,distance,0.7708770090845563
757,kd_tree,51,6,3,distance,0.7708770090845563
758,auto,61,6,3,distance,0.7708770090845563
759,brute,61,6,3,distance,0.7708770090845563
760,brute,31,9,3,uniform,0.7686932215234101
761,kd_tree,61,9,3,uniform,0.7686932215234101
762,auto,1,9,3,uniform,0.7686932215234101
763,kd_tree,31,9,3,uniform,0.7686932215234101
764,auto,31,9,3,uniform,0.7686932215234101
765,auto,81,9,3,uniform,0.7686932215234101
766,brute,91,9,3,uniform,0.7686932215234101
767,ball_tree,71,9,3,uniform,0.7686932215234101
768,kd_tree,91,9,3,uniform,0.7686932215234101
769,auto,21,9,3,uniform,0.7686932215234101
770,auto,61,9,3,uniform,0.7686932215234101
771,kd_tree,41,9,3,uniform,0.7686932215234101
772,ball_tree,61,9,3,uniform,0.7686932215234101
773,auto,71,9,3,uniform,0.7686932215234101
774,brute,71,9,3,uniform,0.7686932215234101
775,brute,41,9,3,uniform,0.7686932215234101
776,kd_tree,51,9,3,uniform,0.7686932215234101
777,ball_tree,91,9,3,uniform,0.7686932215234101
778,brute,81,9,3,uniform,0.7686932215234101
779,auto,91,9,3,uniform,0.7686932215234101
780,kd_tree,81,9,3,uniform,0.7686932215234101
781,ball_tree,31,9,3,uniform,0.7686932215234101
782,auto,51,9,3,uniform,0.7686932215234101
783,brute,51,9,3,uniform,0.7686932215234101
784,ball_tree,11,9,3,uniform,0.7686932215234101
785,kd_tree,21,9,3,uniform,0.7686932215234101
786,ball_tree,51,9,3,uniform,0.7686932215234101
787,brute,61,9,3,uniform,0.7686932215234101
788,brute,1,9,3,uniform,0.7686932215234101
789,brute,11,9,3,uniform,0.7686932215234101
790,kd_tree,71,9,3,uniform,0.7686932215234101
791,kd_tree,11,9,3,uniform,0.7686932215234101
792,brute,21,9,3,uniform,0.7686932215234101
793,auto,11,9,3,uniform,0.7686932215234101
794,ball_tree,21,9,3,uniform,0.7686932215234101
795,kd_tree,1,9,3,uniform,0.7686932215234101
796,ball_tree,41,9,3,uniform,0.7686932215234101
797,auto,41,9,3,uniform,0.7686932215234101
798,ball_tree,81,9,3,uniform,0.7686932215234101
799,ball_tree,1,9,3,uniform,0.7686932215234101
800,kd_tree,31,9,2,uniform,0.7686058700209644
801,ball_tree,91,9,2,uniform,0.7686058700209644
802,ball_tree,91,3,3,uniform,0.7686058700209644
803,kd_tree,51,3,3,uniform,0.7686058700209644
804,kd_tree,11,9,2,uniform,0.7686058700209644
805,auto,11,9,2,uniform,0.7686058700209644
806,kd_tree,81,3,3,uniform,0.7686058700209644
807,brute,51,9,2,uniform,0.7686058700209644
808,kd_tree,61,3,3,uniform,0.7686058700209644
809,kd_tree,51,9,2,uniform,0.7686058700209644
810,auto,41,3,3,uniform,0.7686058700209644
811,brute,71,3,3,uniform,0.7686058700209644
812,kd_tree,71,9,2,uniform,0.7686058700209644
813,brute,61,9,2,uniform,0.7686058700209644
814,kd_tree,81,9,2,uniform,0.7686058700209644
815,kd_tree,41,9,2,uniform,0.7686058700209644
816,auto,21,3,3,uniform,0.7686058700209644
817,kd_tree,71,3,3,uniform,0.7686058700209644
818,auto,21,9,2,uniform,0.7686058700209644
819,kd_tree,1,3,3,uniform,0.7686058700209644
820,auto,31,9,2,uniform,0.7686058700209644
821,kd_tree,61,9,2,uniform,0.7686058700209644
822,ball_tree,81,3,3,uniform,0.7686058700209644
823,kd_tree,31,3,3,uniform,0.7686058700209644
824,auto,31,3,3,uniform,0.7686058700209644
825,kd_tree,41,3,3,uniform,0.7686058700209644
826,kd_tree,21,9,2,uniform,0.7686058700209644
827,kd_tree,91,9,2,uniform,0.7686058700209644
828,kd_tree,91,3,3,uniform,0.7686058700209644
829,ball_tree,71,9,2,uniform,0.7686058700209644
830,brute,61,3,3,uniform,0.7686058700209644
831,ball_tree,81,9,2,uniform,0.7686058700209644
832,kd_tree,21,3,3,uniform,0.7686058700209644
833,kd_tree,1,9,2,uniform,0.7686058700209644
834,kd_tree,11,3,3,uniform,0.7686058700209644
835,ball_tree,11,9,2,uniform,0.7686058700209644
836,brute,71,9,2,uniform,0.7686058700209644
837,auto,51,9,2,uniform,0.7686058700209644
838,ball_tree,1,3,3,uniform,0.7686058700209644
839,brute,31,9,2,uniform,0.7686058700209644
840,ball_tree,1,9,2,uniform,0.7686058700209644
841,auto,91,3,3,uniform,0.7686058700209644
842,auto,61,3,3,uniform,0.7686058700209644
843,ball_tree,11,3,3,uniform,0.7686058700209644
844,ball_tree,21,3,3,uniform,0.7686058700209644
845,auto,91,9,2,uniform,0.7686058700209644
846,auto,1,3,3,uniform,0.7686058700209644
847,brute,31,3,3,uniform,0.7686058700209644
848,brute,81,3,3,uniform,0.7686058700209644
849,auto,41,9,2,uniform,0.7686058700209644
850,brute,41,9,2,uniform,0.7686058700209644
851,brute,91,9,2,uniform,0.7686058700209644
852,auto,71,3,3,uniform,0.7686058700209644
853,ball_tree,51,3,3,uniform,0.7686058700209644
854,auto,11,3,3,uniform,0.7686058700209644
855,auto,51,3,3,uniform,0.7686058700209644
856,auto,81,3,3,uniform,0.7686058700209644
857,ball_tree,61,3,3,uniform,0.7686058700209644
858,ball_tree,41,9,2,uniform,0.7686058700209644
859,brute,81,9,2,uniform,0.7686058700209644
860,auto,71,9,2,uniform,0.7686058700209644
861,brute,11,9,2,uniform,0.7686058700209644
862,ball_tree,41,3,3,uniform,0.7686058700209644
863,ball_tree,71,3,3,uniform,0.7686058700209644
864,ball_tree,31,9,2,uniform,0.7686058700209644
865,brute,21,9,2,uniform,0.7686058700209644
866,brute,51,3,3,uniform,0.7686058700209644
867,auto,61,9,2,uniform,0.7686058700209644
868,auto,81,9,2,uniform,0.7686058700209644
869,brute,1,3,3,uniform,0.7686058700209644
870,brute,1,9,2,uniform,0.7686058700209644
871,ball_tree,31,3,3,uniform,0.7686058700209644
872,brute,21,3,3,uniform,0.7686058700209644
873,ball_tree,51,9,2,uniform,0.7686058700209644
874,brute,41,3,3,uniform,0.7686058700209644
875,brute,91,3,3,uniform,0.7686058700209644
876,ball_tree,61,9,2,uniform,0.7686058700209644
877,brute,11,3,3,uniform,0.7686058700209644
878,ball_tree,21,9,2,uniform,0.7686058700209644
879,auto,1,9,2,uniform,0.7686058700209644
880,ball_tree,91,3,3,distance,0.7685621942697415
881,ball_tree,21,3,3,distance,0.7685621942697415
882,auto,41,3,3,distance,0.7685621942697415
883,brute,11,3,3,distance,0.7685621942697415
884,auto,91,3,3,distance,0.7685621942697415
885,kd_tree,41,3,3,distance,0.7685621942697415
886,kd_tree,71,3,3,distance,0.7685621942697415
887,ball_tree,51,3,3,distance,0.7685621942697415
888,kd_tree,51,3,3,distance,0.7685621942697415
889,auto,51,3,3,distance,0.7685621942697415
890,brute,91,3,3,distance,0.7685621942697415
891,auto,81,3,3,distance,0.7685621942697415
892,brute,71,3,3,distance,0.7685621942697415
893,kd_tree,81,3,3,distance,0.7685621942697415
894,brute,51,3,3,distance,0.7685621942697415
895,kd_tree,91,3,3,distance,0.7685621942697415
896,kd_tree,11,3,3,distance,0.7685621942697415
897,brute,21,3,3,distance,0.7685621942697415
898,ball_tree,31,3,3,distance,0.7685621942697415
899,brute,41,3,3,distance,0.7685621942697415
900,ball_tree,41,3,3,distance,0.7685621942697415
901,kd_tree,1,3,3,distance,0.7685621942697415
902,auto,1,3,3,distance,0.7685621942697415
903,brute,81,3,3,distance,0.7685621942697415
904,auto,11,3,3,distance,0.7685621942697415
905,kd_tree,61,3,3,distance,0.7685621942697415
906,ball_tree,1,3,3,distance,0.7685621942697415
907,kd_tree,31,3,3,distance,0.7685621942697415
908,auto,71,3,3,distance,0.7685621942697415
909,ball_tree,81,3,3,distance,0.7685621942697415
910,auto,21,3,3,distance,0.7685621942697415
911,auto,61,3,3,distance,0.7685621942697415
912,brute,1,3,3,distance,0.7685621942697415
913,ball_tree,61,3,3,distance,0.7685621942697415
914,brute,61,3,3,distance,0.7685621942697415
915,ball_tree,11,3,3,distance,0.7685621942697415
916,ball_tree,71,3,3,distance,0.7685621942697415
917,auto,31,3,3,distance,0.7685621942697415
918,kd_tree,21,3,3,distance,0.7685621942697415
919,brute,31,3,3,distance,0.7685621942697415
920,kd_tree,71,5,3,distance,0.7685185185185185
921,brute,21,5,3,distance,0.7685185185185185
922,brute,71,5,3,distance,0.7685185185185185
923,kd_tree,41,5,3,distance,0.7685185185185185
924,brute,11,5,3,distance,0.7685185185185185
925,kd_tree,61,5,3,distance,0.7685185185185185
926,auto,1,5,3,distance,0.7685185185185185
927,brute,51,5,3,distance,0.7685185185185185
928,kd_tree,81,5,3,distance,0.7685185185185185
929,ball_tree,41,5,3,distance,0.7685185185185185
930,brute,91,5,3,distance,0.7685185185185185
931,auto,71,5,3,distance,0.7685185185185185
932,brute,81,5,3,distance,0.7685185185185185
933,auto,81,5,3,distance,0.7685185185185185
934,brute,31,5,3,distance,0.7685185185185185
935,ball_tree,31,5,3,distance,0.7685185185185185
936,ball_tree,1,5,3,distance,0.7685185185185185
937,auto,51,5,3,distance,0.7685185185185185
938,auto,61,5,3,distance,0.7685185185185185
939,ball_tree,71,5,3,distance,0.7685185185185185
940,kd_tree,31,5,3,distance,0.7685185185185185
941,brute,1,5,3,distance,0.7685185185185185
942,auto,31,5,3,distance,0.7685185185185185
943,auto,21,5,3,distance,0.7685185185185185
944,brute,41,5,3,distance,0.7685185185185185
945,auto,91,5,3,distance,0.7685185185185185
946,kd_tree,51,5,3,distance,0.7685185185185185
947,kd_tree,91,5,3,distance,0.7685185185185185
948,ball_tree,21,5,3,distance,0.7685185185185185
949,ball_tree,51,5,3,distance,0.7685185185185185
950,kd_tree,11,5,3,distance,0.7685185185185185
951,kd_tree,21,5,3,distance,0.7685185185185185
952,ball_tree,81,5,3,distance,0.7685185185185185
953,ball_tree,11,5,3,distance,0.7685185185185185
954,kd_tree,1,5,3,distance,0.7685185185185185
955,auto,11,5,3,distance,0.7685185185185185
956,brute,61,5,3,distance,0.7685185185185185
957,ball_tree,61,5,3,distance,0.7685185185185185
958,ball_tree,91,5,3,distance,0.7685185185185185
959,auto,41,5,3,distance,0.7685185185185185
960,kd_tree,11,6,2,distance,0.7664220824598184
961,brute,31,6,2,distance,0.7664220824598184
962,auto,91,6,2,distance,0.7664220824598184
963,kd_tree,31,6,2,distance,0.7664220824598184
964,auto,61,6,2,distance,0.7664220824598184
965,brute,51,6,2,distance,0.7664220824598184
966,auto,1,6,2,distance,0.7664220824598184
967,kd_tree,1,6,2,distance,0.7664220824598184
968,ball_tree,31,6,2,distance,0.7664220824598184
969,brute,71,6,2,distance,0.7664220824598184
970,ball_tree,11,6,2,distance,0.7664220824598184
971,brute,91,6,2,distance,0.7664220824598184
972,kd_tree,41,6,2,distance,0.7664220824598184
973,ball_tree,1,6,2,distance,0.7664220824598184
974,kd_tree,81,6,2,distance,0.7664220824598184
975,brute,21,6,2,distance,0.7664220824598184
976,kd_tree,71,6,2,distance,0.7664220824598184
977,kd_tree,21,6,2,distance,0.7664220824598184
978,ball_tree,21,6,2,distance,0.7664220824598184
979,brute,61,6,2,distance,0.7664220824598184
980,brute,81,6,2,distance,0.7664220824598184
981,auto,31,6,2,distance,0.7664220824598184
982,auto,51,6,2,distance,0.7664220824598184
983,brute,1,6,2,distance,0.7664220824598184
984,auto,11,6,2,distance,0.7664220824598184
985,brute,41,6,2,distance,0.7664220824598184
986,ball_tree,51,6,2,distance,0.7664220824598184
987,ball_tree,41,6,2,distance,0.7664220824598184
988,kd_tree,91,6,2,distance,0.7664220824598184
989,auto,21,6,2,distance,0.7664220824598184
990,brute,11,6,2,distance,0.7664220824598184
991,ball_tree,81,6,2,distance,0.7664220824598184
992,kd_tree,51,6,2,distance,0.7664220824598184
993,ball_tree,61,6,2,distance,0.7664220824598184
994,kd_tree,61,6,2,distance,0.7664220824598184
995,auto,81,6,2,distance,0.7664220824598184
996,auto,71,6,2,distance,0.7664220824598184
997,ball_tree,71,6,2,distance,0.7664220824598184
998,auto,41,6,2,distance,0.7664220824598184
999,ball_tree,91,6,2,distance,0.7664220824598184
1000,kd_tree,21,7,2,uniform,0.7663784067085954
1001,ball_tree,51,7,2,uniform,0.7663784067085954
1002,ball_tree,21,7,2,uniform,0.7663784067085954
1003,brute,51,7,2,uniform,0.7663784067085954
1004,auto,1,7,2,uniform,0.7663784067085954
1005,brute,91,7,2,uniform,0.7663784067085954
1006,kd_tree,11,7,2,uniform,0.7663784067085954
1007,brute,71,7,2,uniform,0.7663784067085954
1008,kd_tree,31,7,2,uniform,0.7663784067085954
1009,ball_tree,71,7,2,uniform,0.7663784067085954
1010,auto,41,7,2,uniform,0.7663784067085954
1011,brute,81,7,2,uniform,0.7663784067085954
1012,ball_tree,1,7,2,uniform,0.7663784067085954
1013,brute,21,7,2,uniform,0.7663784067085954
1014,brute,61,7,2,uniform,0.7663784067085954
1015,kd_tree,91,7,2,uniform,0.7663784067085954
1016,kd_tree,71,7,2,uniform,0.7663784067085954
1017,ball_tree,61,7,2,uniform,0.7663784067085954
1018,brute,41,7,2,uniform,0.7663784067085954
1019,ball_tree,11,7,2,uniform,0.7663784067085954
1020,auto,91,7,2,uniform,0.7663784067085954
1021,auto,71,7,2,uniform,0.7663784067085954
1022,brute,1,7,2,uniform,0.7663784067085954
1023,ball_tree,91,7,2,uniform,0.7663784067085954
1024,brute,31,7,2,uniform,0.7663784067085954
1025,kd_tree,51,7,2,uniform,0.7663784067085954
1026,ball_tree,81,7,2,uniform,0.7663784067085954
1027,auto,61,7,2,uniform,0.7663784067085954
1028,ball_tree,31,7,2,uniform,0.7663784067085954
1029,auto,11,7,2,uniform,0.7663784067085954
1030,kd_tree,81,7,2,uniform,0.7663784067085954
1031,brute,11,7,2,uniform,0.7663784067085954
1032,auto,31,7,2,uniform,0.7663784067085954
1033,kd_tree,1,7,2,uniform,0.7663784067085954
1034,kd_tree,41,7,2,uniform,0.7663784067085954
1035,auto,81,7,2,uniform,0.7663784067085954
1036,ball_tree,41,7,2,uniform,0.7663784067085954
1037,kd_tree,61,7,2,uniform,0.7663784067085954
1038,auto,51,7,2,uniform,0.7663784067085954
1039,auto,21,7,2,uniform,0.7663784067085954
1040,auto,81,2,3,uniform,0.7638015373864431
1041,auto,11,2,3,uniform,0.7638015373864431
1042,kd_tree,31,2,3,uniform,0.7638015373864431
1043,brute,91,2,3,uniform,0.7638015373864431
1044,auto,61,2,3,uniform,0.7638015373864431
1045,kd_tree,91,2,3,uniform,0.7638015373864431
1046,kd_tree,11,2,3,uniform,0.7638015373864431
1047,kd_tree,51,2,3,uniform,0.7638015373864431
1048,kd_tree,41,2,3,uniform,0.7638015373864431
1049,kd_tree,61,2,3,uniform,0.7638015373864431
1050,ball_tree,61,2,3,uniform,0.7638015373864431
1051,brute,31,2,3,uniform,0.7638015373864431
1052,ball_tree,1,2,3,uniform,0.7638015373864431
1053,ball_tree,11,2,3,uniform,0.7638015373864431
1054,auto,1,2,3,uniform,0.7638015373864431
1055,brute,71,2,3,uniform,0.7638015373864431
1056,brute,81,2,3,uniform,0.7638015373864431
1057,brute,21,2,3,uniform,0.7638015373864431
1058,kd_tree,1,2,3,uniform,0.7638015373864431
1059,ball_tree,21,2,3,uniform,0.7638015373864431
1060,kd_tree,21,2,3,uniform,0.7638015373864431
1061,ball_tree,31,2,3,uniform,0.7638015373864431
1062,kd_tree,71,2,3,uniform,0.7638015373864431
1063,auto,31,2,3,uniform,0.7638015373864431
1064,ball_tree,51,2,3,uniform,0.7638015373864431
1065,brute,51,2,3,uniform,0.7638015373864431
1066,brute,41,2,3,uniform,0.7638015373864431
1067,brute,1,2,3,uniform,0.7638015373864431
1068,auto,71,2,3,uniform,0.7638015373864431
1069,ball_tree,41,2,3,uniform,0.7638015373864431
1070,auto,91,2,3,uniform,0.7638015373864431
1071,ball_tree,91,2,3,uniform,0.7638015373864431
1072,brute,61,2,3,uniform,0.7638015373864431
1073,kd_tree,81,2,3,uniform,0.7638015373864431
1074,auto,41,2,3,uniform,0.7638015373864431
1075,ball_tree,81,2,3,uniform,0.7638015373864431
1076,auto,21,2,3,uniform,0.7638015373864431
1077,auto,51,2,3,uniform,0.7638015373864431
1078,brute,11,2,3,uniform,0.7638015373864431
1079,ball_tree,71,2,3,uniform,0.7638015373864431
1080,auto,31,2,1,distance,0.7617924528301887
1081,ball_tree,71,2,1,distance,0.7617924528301887
1082,ball_tree,41,2,1,distance,0.7617924528301887
1083,kd_tree,61,2,1,distance,0.7617924528301887
1084,brute,21,2,1,distance,0.7617924528301887
1085,ball_tree,1,2,1,distance,0.7617924528301887
1086,brute,51,2,1,distance,0.7617924528301887
1087,kd_tree,31,2,1,distance,0.7617924528301887
1088,ball_tree,11,2,1,distance,0.7617924528301887
1089,ball_tree,81,2,1,distance,0.7617924528301887
1090,brute,1,2,1,distance,0.7617924528301887
1091,kd_tree,71,2,1,distance,0.7617924528301887
1092,brute,61,2,1,distance,0.7617924528301887
1093,brute,81,2,1,distance,0.7617924528301887
1094,brute,11,2,1,distance,0.7617924528301887
1095,brute,71,2,1,distance,0.7617924528301887
1096,brute,41,2,1,distance,0.7617924528301887
1097,auto,71,2,1,distance,0.7617924528301887
1098,ball_tree,91,2,1,distance,0.7617924528301887
1099,auto,61,2,1,distance,0.7617924528301887
1100,auto,11,2,1,distance,0.7617924528301887
1101,kd_tree,51,2,1,distance,0.7617924528301887
1102,kd_tree,81,2,1,distance,0.7617924528301887
1103,ball_tree,31,2,1,distance,0.7617924528301887
1104,auto,91,2,1,distance,0.7617924528301887
1105,kd_tree,21,2,1,distance,0.7617924528301887
1106,ball_tree,21,2,1,distance,0.7617924528301887
1107,brute,91,2,1,distance,0.7617924528301887
1108,auto,51,2,1,distance,0.7617924528301887
1109,auto,1,2,1,distance,0.7617924528301887
1110,kd_tree,91,2,1,distance,0.7617924528301887
1111,kd_tree,41,2,1,distance,0.7617924528301887
1112,auto,81,2,1,distance,0.7617924528301887
1113,ball_tree,51,2,1,distance,0.7617924528301887
1114,kd_tree,1,2,1,distance,0.7617924528301887
1115,auto,21,2,1,distance,0.7617924528301887
1116,auto,41,2,1,distance,0.7617924528301887
1117,brute,31,2,1,distance,0.7617924528301887
1118,ball_tree,61,2,1,distance,0.7617924528301887
1119,kd_tree,11,2,1,distance,0.7617924528301887
1120,auto,91,5,1,distance,0.7617051013277429
1121,brute,61,5,1,distance,0.7617051013277429
1122,auto,71,5,1,distance,0.7617051013277429
1123,kd_tree,51,5,1,distance,0.7617051013277429
1124,kd_tree,61,5,1,distance,0.7617051013277429
1125,auto,1,5,1,distance,0.7617051013277429
1126,ball_tree,1,5,1,distance,0.7617051013277429
1127,kd_tree,41,5,1,distance,0.7617051013277429
1128,auto,81,5,1,distance,0.7617051013277429
1129,brute,41,5,1,distance,0.7617051013277429
1130,ball_tree,71,5,1,distance,0.7617051013277429
1131,auto,21,5,1,distance,0.7617051013277429
1132,ball_tree,51,5,1,distance,0.7617051013277429
1133,brute,71,5,1,distance,0.7617051013277429
1134,kd_tree,21,5,1,distance,0.7617051013277429
1135,kd_tree,81,5,1,distance,0.7617051013277429
1136,brute,51,5,1,distance,0.7617051013277429
1137,kd_tree,91,5,1,distance,0.7617051013277429
1138,auto,31,5,1,distance,0.7617051013277429
1139,brute,91,5,1,distance,0.7617051013277429
1140,ball_tree,91,5,1,distance,0.7617051013277429
1141,brute,81,5,1,distance,0.7617051013277429
1142,ball_tree,21,5,1,distance,0.7617051013277429
1143,brute,11,5,1,distance,0.7617051013277429
1144,auto,51,5,1,distance,0.7617051013277429
1145,ball_tree,41,5,1,distance,0.7617051013277429
1146,kd_tree,11,5,1,distance,0.7617051013277429
1147,kd_tree,1,5,1,distance,0.7617051013277429
1148,ball_tree,31,5,1,distance,0.7617051013277429
1149,ball_tree,11,5,1,distance,0.7617051013277429
1150,brute,21,5,1,distance,0.7617051013277429
1151,kd_tree,71,5,1,distance,0.7617051013277429
1152,ball_tree,81,5,1,distance,0.7617051013277429
1153,auto,11,5,1,distance,0.7617051013277429
1154,ball_tree,61,5,1,distance,0.7617051013277429
1155,auto,41,5,1,distance,0.7617051013277429
1156,brute,31,5,1,distance,0.7617051013277429
1157,brute,1,5,1,distance,0.7617051013277429
1158,kd_tree,31,5,1,distance,0.7617051013277429
1159,auto,61,5,1,distance,0.7617051013277429
1160,ball_tree,81,5,3,uniform,0.76166142557652
1161,ball_tree,41,5,3,uniform,0.76166142557652
1162,auto,21,5,3,uniform,0.76166142557652
1163,auto,71,5,3,uniform,0.76166142557652
1164,auto,51,5,3,uniform,0.76166142557652
1165,kd_tree,31,5,3,uniform,0.76166142557652
1166,ball_tree,31,5,3,uniform,0.76166142557652
1167,ball_tree,71,5,3,uniform,0.76166142557652
1168,kd_tree,81,5,3,uniform,0.76166142557652
1169,auto,81,5,3,uniform,0.76166142557652
1170,brute,1,5,3,uniform,0.76166142557652
1171,brute,11,5,3,uniform,0.76166142557652
1172,kd_tree,61,5,3,uniform,0.76166142557652
1173,brute,41,5,3,uniform,0.76166142557652
1174,ball_tree,91,5,3,uniform,0.76166142557652
1175,brute,71,5,3,uniform,0.76166142557652
1176,brute,61,5,3,uniform,0.76166142557652
1177,auto,11,5,3,uniform,0.76166142557652
1178,auto,41,5,3,uniform,0.76166142557652
1179,ball_tree,61,5,3,uniform,0.76166142557652
1180,kd_tree,91,5,3,uniform,0.76166142557652
1181,kd_tree,51,5,3,uniform,0.76166142557652
1182,ball_tree,51,5,3,uniform,0.76166142557652
1183,ball_tree,1,5,3,uniform,0.76166142557652
1184,auto,31,5,3,uniform,0.76166142557652
1185,kd_tree,41,5,3,uniform,0.76166142557652
1186,auto,1,5,3,uniform,0.76166142557652
1187,auto,61,5,3,uniform,0.76166142557652
1188,brute,31,5,3,uniform,0.76166142557652
1189,kd_tree,71,5,3,uniform,0.76166142557652
1190,brute,81,5,3,uniform,0.76166142557652
1191,ball_tree,11,5,3,uniform,0.76166142557652
1192,kd_tree,21,5,3,uniform,0.76166142557652
1193,auto,91,5,3,uniform,0.76166142557652
1194,ball_tree,21,5,3,uniform,0.76166142557652
1195,kd_tree,11,5,3,uniform,0.76166142557652
1196,brute,91,5,3,uniform,0.76166142557652
1197,kd_tree,1,5,3,uniform,0.76166142557652
1198,brute,51,5,3,uniform,0.76166142557652
1199,brute,21,5,3,uniform,0.76166142557652
1200,brute,61,4,1,distance,0.7594339622641509
1201,ball_tree,41,4,1,distance,0.7594339622641509
1202,brute,91,4,1,distance,0.7594339622641509
1203,kd_tree,81,4,1,distance,0.7594339622641509
1204,ball_tree,11,4,1,distance,0.7594339622641509
1205,auto,61,4,1,distance,0.7594339622641509
1206,brute,31,4,1,distance,0.7594339622641509
1207,ball_tree,61,4,1,distance,0.7594339622641509
1208,auto,31,4,1,distance,0.7594339622641509
1209,ball_tree,81,4,1,distance,0.7594339622641509
1210,kd_tree,61,4,1,distance,0.7594339622641509
1211,brute,41,4,1,distance,0.7594339622641509
1212,kd_tree,31,4,1,distance,0.7594339622641509
1213,kd_tree,11,4,1,distance,0.7594339622641509
1214,auto,11,4,1,distance,0.7594339622641509
1215,auto,71,4,1,distance,0.7594339622641509
1216,ball_tree,1,4,1,distance,0.7594339622641509
1217,brute,1,4,1,distance,0.7594339622641509
1218,ball_tree,31,4,1,distance,0.7594339622641509
1219,ball_tree,71,4,1,distance,0.7594339622641509
1220,kd_tree,71,4,1,distance,0.7594339622641509
1221,auto,41,4,1,distance,0.7594339622641509
1222,brute,21,4,1,distance,0.7594339622641509
1223,kd_tree,41,4,1,distance,0.7594339622641509
1224,kd_tree,51,4,1,distance,0.7594339622641509
1225,auto,21,4,1,distance,0.7594339622641509
1226,brute,11,4,1,distance,0.7594339622641509
1227,kd_tree,1,4,1,distance,0.7594339622641509
1228,auto,81,4,1,distance,0.7594339622641509
1229,kd_tree,91,4,1,distance,0.7594339622641509
1230,auto,51,4,1,distance,0.7594339622641509
1231,brute,71,4,1,distance,0.7594339622641509
1232,ball_tree,51,4,1,distance,0.7594339622641509
1233,ball_tree,91,4,1,distance,0.7594339622641509
1234,ball_tree,21,4,1,distance,0.7594339622641509
1235,brute,81,4,1,distance,0.7594339622641509
1236,auto,1,4,1,distance,0.7594339622641509
1237,kd_tree,21,4,1,distance,0.7594339622641509
1238,brute,51,4,1,distance,0.7594339622641509
1239,auto,91,4,1,distance,0.7594339622641509
1240,kd_tree,91,2,2,distance,0.7593902865129281
1241,brute,61,2,2,distance,0.7593902865129281
1242,brute,1,2,2,distance,0.7593902865129281
1243,brute,21,2,2,distance,0.7593902865129281
1244,brute,31,2,2,distance,0.7593902865129281
1245,brute,41,2,2,distance,0.7593902865129281
1246,kd_tree,71,2,2,distance,0.7593902865129281
1247,brute,11,2,2,distance,0.7593902865129281
1248,auto,21,2,2,distance,0.7593902865129281
1249,kd_tree,81,2,2,distance,0.7593902865129281
1250,auto,1,2,2,distance,0.7593902865129281
1251,auto,11,2,2,distance,0.7593902865129281
1252,brute,51,2,2,distance,0.7593902865129281
1253,auto,31,2,2,distance,0.7593902865129281
1254,brute,91,2,2,distance,0.7593902865129281
1255,auto,81,2,2,distance,0.7593902865129281
1256,ball_tree,11,2,2,distance,0.7593902865129281
1257,brute,81,2,2,distance,0.7593902865129281
1258,auto,71,2,2,distance,0.7593902865129281
1259,kd_tree,1,2,2,distance,0.7593902865129281
1260,ball_tree,81,2,2,distance,0.7593902865129281
1261,kd_tree,31,2,2,distance,0.7593902865129281
1262,ball_tree,61,2,2,distance,0.7593902865129281
1263,auto,41,2,2,distance,0.7593902865129281
1264,ball_tree,1,2,2,distance,0.7593902865129281
1265,ball_tree,41,2,2,distance,0.7593902865129281
1266,kd_tree,41,2,2,distance,0.7593902865129281
1267,ball_tree,51,2,2,distance,0.7593902865129281
1268,auto,91,2,2,distance,0.7593902865129281
1269,kd_tree,51,2,2,distance,0.7593902865129281
1270,auto,51,2,2,distance,0.7593902865129281
1271,brute,71,2,2,distance,0.7593902865129281
1272,kd_tree,21,2,2,distance,0.7593902865129281
1273,kd_tree,61,2,2,distance,0.7593902865129281
1274,auto,61,2,2,distance,0.7593902865129281
1275,ball_tree,21,2,2,distance,0.7593902865129281
1276,kd_tree,11,2,2,distance,0.7593902865129281
1277,ball_tree,71,2,2,distance,0.7593902865129281
1278,ball_tree,91,2,2,distance,0.7593902865129281
1279,ball_tree,31,2,2,distance,0.7593902865129281
1280,kd_tree,1,3,1,distance,0.7572064989517819
1281,auto,31,3,1,distance,0.7572064989517819
1282,auto,21,3,1,distance,0.7572064989517819
1283,ball_tree,91,3,1,distance,0.7572064989517819
1284,ball_tree,21,3,1,distance,0.7572064989517819
1285,auto,41,3,1,distance,0.7572064989517819
1286,brute,21,3,1,distance,0.7572064989517819
1287,ball_tree,41,3,1,distance,0.7572064989517819
1288,brute,71,3,1,distance,0.7572064989517819
1289,ball_tree,11,3,1,distance,0.7572064989517819
1290,kd_tree,31,3,1,distance,0.7572064989517819
1291,brute,31,3,1,distance,0.7572064989517819
1292,kd_tree,71,3,1,distance,0.7572064989517819
1293,ball_tree,1,3,1,distance,0.7572064989517819
1294,brute,61,3,1,distance,0.7572064989517819
1295,ball_tree,31,3,1,distance,0.7572064989517819
1296,kd_tree,81,3,1,distance,0.7572064989517819
1297,kd_tree,91,3,1,distance,0.7572064989517819
1298,auto,61,3,1,distance,0.7572064989517819
1299,brute,91,3,1,distance,0.7572064989517819
1300,brute,81,3,1,distance,0.7572064989517819
1301,kd_tree,21,3,1,distance,0.7572064989517819
1302,kd_tree,11,3,1,distance,0.7572064989517819
1303,auto,91,3,1,distance,0.7572064989517819
1304,ball_tree,51,3,1,distance,0.7572064989517819
1305,kd_tree,61,3,1,distance,0.7572064989517819
1306,ball_tree,61,3,1,distance,0.7572064989517819
1307,auto,71,3,1,distance,0.7572064989517819
1308,ball_tree,71,3,1,distance,0.7572064989517819
1309,auto,11,3,1,distance,0.7572064989517819
1310,kd_tree,51,3,1,distance,0.7572064989517819
1311,brute,1,3,1,distance,0.7572064989517819
1312,brute,51,3,1,distance,0.7572064989517819
1313,auto,1,3,1,distance,0.7572064989517819
1314,ball_tree,81,3,1,distance,0.7572064989517819
1315,brute,11,3,1,distance,0.7572064989517819
1316,auto,51,3,1,distance,0.7572064989517819
1317,auto,81,3,1,distance,0.7572064989517819
1318,kd_tree,41,3,1,distance,0.7572064989517819
1319,brute,41,3,1,distance,0.7572064989517819
1320,brute,1,9,1,distance,0.7569881201956674
1321,kd_tree,91,4,3,uniform,0.7569881201956674
1322,auto,11,4,3,uniform,0.7569881201956674
1323,ball_tree,91,4,3,uniform,0.7569881201956674
1324,brute,21,4,3,uniform,0.7569881201956674
1325,ball_tree,71,4,3,uniform,0.7569881201956674
1326,ball_tree,21,9,1,distance,0.7569881201956674
1327,auto,51,9,1,distance,0.7569881201956674
1328,auto,51,4,3,uniform,0.7569881201956674
1329,kd_tree,1,9,1,distance,0.7569881201956674
1330,kd_tree,81,4,3,uniform,0.7569881201956674
1331,auto,41,9,1,distance,0.7569881201956674
1332,brute,1,4,3,uniform,0.7569881201956674
1333,ball_tree,21,4,3,uniform,0.7569881201956674
1334,ball_tree,61,4,3,uniform,0.7569881201956674
1335,ball_tree,61,9,1,distance,0.7569881201956674
1336,brute,71,9,1,distance,0.7569881201956674
1337,brute,51,9,1,distance,0.7569881201956674
1338,ball_tree,41,4,3,uniform,0.7569881201956674
1339,ball_tree,51,4,3,uniform,0.7569881201956674
1340,auto,31,9,1,distance,0.7569881201956674
1341,auto,41,4,3,uniform,0.7569881201956674
1342,ball_tree,91,9,1,distance,0.7569881201956674
1343,brute,71,4,3,uniform,0.7569881201956674
1344,ball_tree,81,4,3,uniform,0.7569881201956674
1345,ball_tree,81,9,1,distance,0.7569881201956674
1346,auto,1,9,1,distance,0.7569881201956674
1347,ball_tree,31,9,1,distance,0.7569881201956674
1348,brute,11,9,1,distance,0.7569881201956674
1349,kd_tree,91,9,1,distance,0.7569881201956674
1350,brute,91,4,3,uniform,0.7569881201956674
1351,ball_tree,31,4,3,uniform,0.7569881201956674
1352,ball_tree,41,9,1,distance,0.7569881201956674
1353,brute,11,4,3,uniform,0.7569881201956674
1354,kd_tree,81,9,1,distance,0.7569881201956674
1355,kd_tree,1,4,3,uniform,0.7569881201956674
1356,ball_tree,71,9,1,distance,0.7569881201956674
1357,ball_tree,51,9,1,distance,0.7569881201956674
1358,auto,71,4,3,uniform,0.7569881201956674
1359,kd_tree,11,4,3,uniform,0.7569881201956674
1360,brute,91,9,1,distance,0.7569881201956674
1361,kd_tree,21,4,3,uniform,0.7569881201956674
1362,kd_tree,41,9,1,distance,0.7569881201956674
1363,kd_tree,31,9,1,distance,0.7569881201956674
1364,auto,61,4,3,uniform,0.7569881201956674
1365,auto,31,4,3,uniform,0.7569881201956674
1366,brute,51,4,3,uniform,0.7569881201956674
1367,ball_tree,1,9,1,distance,0.7569881201956674
1368,auto,81,4,3,uniform,0.7569881201956674
1369,kd_tree,21,9,1,distance,0.7569881201956674
1370,ball_tree,1,4,3,uniform,0.7569881201956674
1371,brute,41,4,3,uniform,0.7569881201956674
1372,auto,91,9,1,distance,0.7569881201956674
1373,kd_tree,41,4,3,uniform,0.7569881201956674
1374,kd_tree,71,4,3,uniform,0.7569881201956674
1375,kd_tree,31,4,3,uniform,0.7569881201956674
1376,auto,21,9,1,distance,0.7569881201956674
1377,kd_tree,61,9,1,distance,0.7569881201956674
1378,brute,31,9,1,distance,0.7569881201956674
1379,auto,1,4,3,uniform,0.7569881201956674
1380,auto,91,4,3,uniform,0.7569881201956674
1381,auto,61,9,1,distance,0.7569881201956674
1382,auto,81,9,1,distance,0.7569881201956674
1383,brute,61,9,1,distance,0.7569881201956674
1384,brute,31,4,3,uniform,0.7569881201956674
1385,auto,71,9,1,distance,0.7569881201956674
1386,auto,11,9,1,distance,0.7569881201956674
1387,brute,41,9,1,distance,0.7569881201956674
1388,brute,81,9,1,distance,0.7569881201956674
1389,ball_tree,11,4,3,uniform,0.7569881201956674
1390,brute,81,4,3,uniform,0.7569881201956674
1391,kd_tree,51,4,3,uniform,0.7569881201956674
1392,ball_tree,11,9,1,distance,0.7569881201956674
1393,kd_tree,11,9,1,distance,0.7569881201956674
1394,brute,61,4,3,uniform,0.7569881201956674
1395,auto,21,4,3,uniform,0.7569881201956674
1396,brute,21,9,1,distance,0.7569881201956674
1397,kd_tree,71,9,1,distance,0.7569881201956674
1398,kd_tree,51,9,1,distance,0.7569881201956674
1399,kd_tree,61,4,3,uniform,0.7569881201956674
1400,auto,81,8,1,distance,0.7546296296296297
1401,ball_tree,81,8,1,distance,0.7546296296296297
1402,kd_tree,51,8,1,distance,0.7546296296296297
1403,auto,71,8,1,distance,0.7546296296296297
1404,brute,51,8,1,distance,0.7546296296296297
1405,ball_tree,71,8,1,distance,0.7546296296296297
1406,brute,91,8,1,distance,0.7546296296296297
1407,kd_tree,91,8,1,distance,0.7546296296296297
1408,kd_tree,61,8,1,distance,0.7546296296296297
1409,brute,81,8,1,distance,0.7546296296296297
1410,brute,1,8,1,distance,0.7546296296296297
1411,brute,41,8,1,distance,0.7546296296296297
1412,auto,21,8,1,distance,0.7546296296296297
1413,ball_tree,51,8,1,distance,0.7546296296296297
1414,brute,71,8,1,distance,0.7546296296296297
1415,kd_tree,41,8,1,distance,0.7546296296296297
1416,auto,61,8,1,distance,0.7546296296296297
1417,auto,91,8,1,distance,0.7546296296296297
1418,kd_tree,31,8,1,distance,0.7546296296296297
1419,ball_tree,31,8,1,distance,0.7546296296296297
1420,auto,41,8,1,distance,0.7546296296296297
1421,ball_tree,21,8,1,distance,0.7546296296296297
1422,kd_tree,11,8,1,distance,0.7546296296296297
1423,auto,11,8,1,distance,0.7546296296296297
1424,ball_tree,11,8,1,distance,0.7546296296296297
1425,auto,31,8,1,distance,0.7546296296296297
1426,kd_tree,1,8,1,distance,0.7546296296296297
1427,auto,51,8,1,distance,0.7546296296296297
1428,kd_tree,81,8,1,distance,0.7546296296296297
1429,kd_tree,71,8,1,distance,0.7546296296296297
1430,auto,1,8,1,distance,0.7546296296296297
1431,ball_tree,61,8,1,distance,0.7546296296296297
1432,ball_tree,91,8,1,distance,0.7546296296296297
1433,ball_tree,1,8,1,distance,0.7546296296296297
1434,kd_tree,21,8,1,distance,0.7546296296296297
1435,brute,11,8,1,distance,0.7546296296296297
1436,brute,21,8,1,distance,0.7546296296296297
1437,ball_tree,41,8,1,distance,0.7546296296296297
1438,brute,31,8,1,distance,0.7546296296296297
1439,brute,61,8,1,distance,0.7546296296296297
1440,brute,11,2,3,distance,0.7545422781271838
1441,brute,51,2,3,distance,0.7545422781271838
1442,auto,91,2,3,distance,0.7545422781271838
1443,ball_tree,21,2,3,distance,0.7545422781271838
1444,auto,61,2,3,distance,0.7545422781271838
1445,ball_tree,51,2,3,distance,0.7545422781271838
1446,ball_tree,61,2,3,distance,0.7545422781271838
1447,ball_tree,41,2,3,distance,0.7545422781271838
1448,brute,31,2,3,distance,0.7545422781271838
1449,auto,1,2,3,distance,0.7545422781271838
1450,auto,51,2,3,distance,0.7545422781271838
1451,auto,11,2,3,distance,0.7545422781271838
1452,brute,91,2,3,distance,0.7545422781271838
1453,auto,71,2,3,distance,0.7545422781271838
1454,ball_tree,31,2,3,distance,0.7545422781271838
1455,ball_tree,1,2,3,distance,0.7545422781271838
1456,brute,21,2,3,distance,0.7545422781271838
1457,brute,41,2,3,distance,0.7545422781271838
1458,ball_tree,11,2,3,distance,0.7545422781271838
1459,brute,81,2,3,distance,0.7545422781271838
1460,auto,81,2,3,distance,0.7545422781271838
1461,kd_tree,61,2,3,distance,0.7545422781271838
1462,kd_tree,51,2,3,distance,0.7545422781271838
1463,brute,1,2,3,distance,0.7545422781271838
1464,kd_tree,81,2,3,distance,0.7545422781271838
1465,kd_tree,91,2,3,distance,0.7545422781271838
1466,auto,41,2,3,distance,0.7545422781271838
1467,kd_tree,41,2,3,distance,0.7545422781271838
1468,kd_tree,21,2,3,distance,0.7545422781271838
1469,auto,31,2,3,distance,0.7545422781271838
1470,ball_tree,91,2,3,distance,0.7545422781271838
1471,brute,61,2,3,distance,0.7545422781271838
1472,brute,71,2,3,distance,0.7545422781271838
1473,auto,21,2,3,distance,0.7545422781271838
1474,ball_tree,81,2,3,distance,0.7545422781271838
1475,kd_tree,71,2,3,distance,0.7545422781271838
1476,kd_tree,1,2,3,distance,0.7545422781271838
1477,kd_tree,31,2,3,distance,0.7545422781271838
1478,kd_tree,11,2,3,distance,0.7545422781271838
1479,ball_tree,71,2,3,distance,0.7545422781271838
1480,brute,1,3,1,uniform,0.7524895178197064
1481,auto,81,3,1,uniform,0.7524895178197064
1482,auto,11,3,1,uniform,0.7524895178197064
1483,ball_tree,31,3,1,uniform,0.7524895178197064
1484,kd_tree,21,3,1,uniform,0.7524895178197064
1485,ball_tree,91,3,1,uniform,0.7524895178197064
1486,kd_tree,81,3,1,uniform,0.7524895178197064
1487,kd_tree,61,3,1,uniform,0.7524895178197064
1488,kd_tree,41,3,1,uniform,0.7524895178197064
1489,brute,81,3,1,uniform,0.7524895178197064
1490,brute,31,3,1,uniform,0.7524895178197064
1491,ball_tree,71,3,1,uniform,0.7524895178197064
1492,auto,41,3,1,uniform,0.7524895178197064
1493,ball_tree,41,3,1,uniform,0.7524895178197064
1494,auto,61,3,1,uniform,0.7524895178197064
1495,brute,21,3,1,uniform,0.7524895178197064
1496,kd_tree,91,3,1,uniform,0.7524895178197064
1497,ball_tree,1,3,1,uniform,0.7524895178197064
1498,brute,71,3,1,uniform,0.7524895178197064
1499,kd_tree,1,3,1,uniform,0.7524895178197064
1500,auto,21,3,1,uniform,0.7524895178197064
1501,ball_tree,11,3,1,uniform,0.7524895178197064
1502,kd_tree,11,3,1,uniform,0.7524895178197064
1503,ball_tree,51,3,1,uniform,0.7524895178197064
1504,kd_tree,71,3,1,uniform,0.7524895178197064
1505,brute,91,3,1,uniform,0.7524895178197064
1506,brute,61,3,1,uniform,0.7524895178197064
1507,brute,51,3,1,uniform,0.7524895178197064
1508,auto,91,3,1,uniform,0.7524895178197064
1509,auto,31,3,1,uniform,0.7524895178197064
1510,kd_tree,31,3,1,uniform,0.7524895178197064
1511,ball_tree,21,3,1,uniform,0.7524895178197064
1512,auto,71,3,1,uniform,0.7524895178197064
1513,brute,41,3,1,uniform,0.7524895178197064
1514,ball_tree,61,3,1,uniform,0.7524895178197064
1515,auto,1,3,1,uniform,0.7524895178197064
1516,brute,11,3,1,uniform,0.7524895178197064
1517,kd_tree,51,3,1,uniform,0.7524895178197064
1518,ball_tree,81,3,1,uniform,0.7524895178197064
1519,auto,51,3,1,uniform,0.7524895178197064
1520,kd_tree,31,7,1,distance,0.7523584905660378
1521,kd_tree,1,7,1,distance,0.7523584905660378
1522,auto,81,7,1,distance,0.7523584905660378
1523,ball_tree,21,7,1,distance,0.7523584905660378
1524,auto,11,7,1,distance,0.7523584905660378
1525,ball_tree,31,7,1,distance,0.7523584905660378
1526,brute,21,7,1,distance,0.7523584905660378
1527,auto,31,7,1,distance,0.7523584905660378
1528,brute,71,7,1,distance,0.7523584905660378
1529,brute,61,7,1,distance,0.7523584905660378
1530,auto,1,7,1,distance,0.7523584905660378
1531,kd_tree,81,7,1,distance,0.7523584905660378
1532,kd_tree,11,7,1,distance,0.7523584905660378
1533,brute,81,7,1,distance,0.7523584905660378
1534,ball_tree,91,7,1,distance,0.7523584905660378
1535,auto,51,7,1,distance,0.7523584905660378
1536,kd_tree,91,7,1,distance,0.7523584905660378
1537,brute,31,7,1,distance,0.7523584905660378
1538,ball_tree,61,7,1,distance,0.7523584905660378
1539,ball_tree,1,7,1,distance,0.7523584905660378
1540,brute,1,7,1,distance,0.7523584905660378
1541,auto,41,7,1,distance,0.7523584905660378
1542,auto,71,7,1,distance,0.7523584905660378
1543,brute,91,7,1,distance,0.7523584905660378
1544,ball_tree,71,7,1,distance,0.7523584905660378
1545,kd_tree,71,7,1,distance,0.7523584905660378
1546,kd_tree,21,7,1,distance,0.7523584905660378
1547,kd_tree,51,7,1,distance,0.7523584905660378
1548,ball_tree,51,7,1,distance,0.7523584905660378
1549,auto,91,7,1,distance,0.7523584905660378
1550,ball_tree,81,7,1,distance,0.7523584905660378
1551,brute,41,7,1,distance,0.7523584905660378
1552,ball_tree,11,7,1,distance,0.7523584905660378
1553,auto,61,7,1,distance,0.7523584905660378
1554,ball_tree,41,7,1,distance,0.7523584905660378
1555,auto,21,7,1,distance,0.7523584905660378
1556,brute,51,7,1,distance,0.7523584905660378
1557,brute,11,7,1,distance,0.7523584905660378
1558,kd_tree,61,7,1,distance,0.7523584905660378
1559,kd_tree,41,7,1,distance,0.7523584905660378
1560,brute,91,2,2,uniform,0.7521401118099231
1561,kd_tree,21,2,2,uniform,0.7521401118099231
1562,brute,31,2,2,uniform,0.7521401118099231
1563,kd_tree,81,2,2,uniform,0.7521401118099231
1564,brute,61,2,2,uniform,0.7521401118099231
1565,auto,21,2,2,uniform,0.7521401118099231
1566,ball_tree,11,2,2,uniform,0.7521401118099231
1567,ball_tree,1,2,2,uniform,0.7521401118099231
1568,ball_tree,21,2,2,uniform,0.7521401118099231
1569,brute,71,2,2,uniform,0.7521401118099231
1570,kd_tree,31,2,2,uniform,0.7521401118099231
1571,auto,61,2,2,uniform,0.7521401118099231
1572,brute,81,2,2,uniform,0.7521401118099231
1573,ball_tree,81,2,2,uniform,0.7521401118099231
1574,brute,1,2,2,uniform,0.7521401118099231
1575,brute,11,2,2,uniform,0.7521401118099231
1576,auto,11,2,2,uniform,0.7521401118099231
1577,kd_tree,51,2,2,uniform,0.7521401118099231
1578,auto,81,2,2,uniform,0.7521401118099231
1579,ball_tree,51,2,2,uniform,0.7521401118099231
1580,ball_tree,91,2,2,uniform,0.7521401118099231
1581,ball_tree,61,2,2,uniform,0.7521401118099231
1582,brute,41,2,2,uniform,0.7521401118099231
1583,auto,1,2,2,uniform,0.7521401118099231
1584,ball_tree,41,2,2,uniform,0.7521401118099231
1585,auto,41,2,2,uniform,0.7521401118099231
1586,kd_tree,1,2,2,uniform,0.7521401118099231
1587,kd_tree,91,2,2,uniform,0.7521401118099231
1588,auto,71,2,2,uniform,0.7521401118099231
1589,ball_tree,71,2,2,uniform,0.7521401118099231
1590,brute,21,2,2,uniform,0.7521401118099231
1591,kd_tree,61,2,2,uniform,0.7521401118099231
1592,kd_tree,41,2,2,uniform,0.7521401118099231
1593,auto,91,2,2,uniform,0.7521401118099231
1594,ball_tree,31,2,2,uniform,0.7521401118099231
1595,kd_tree,71,2,2,uniform,0.7521401118099231
1596,brute,51,2,2,uniform,0.7521401118099231
1597,auto,31,2,2,uniform,0.7521401118099231
1598,kd_tree,11,2,2,uniform,0.7521401118099231
1599,auto,51,2,2,uniform,0.7521401118099231
1600,auto,21,6,1,distance,0.750043675751223
1601,auto,71,6,1,distance,0.750043675751223
1602,brute,61,6,1,distance,0.750043675751223
1603,kd_tree,51,6,1,distance,0.750043675751223
1604,kd_tree,61,6,1,distance,0.750043675751223
1605,brute,41,6,1,distance,0.750043675751223
1606,auto,61,6,1,distance,0.750043675751223
1607,kd_tree,41,6,1,distance,0.750043675751223
1608,kd_tree,31,6,1,distance,0.750043675751223
1609,auto,91,6,1,distance,0.750043675751223
1610,auto,81,6,1,distance,0.750043675751223
1611,ball_tree,61,6,1,distance,0.750043675751223
1612,kd_tree,71,6,1,distance,0.750043675751223
1613,ball_tree,91,6,1,distance,0.750043675751223
1614,kd_tree,81,6,1,distance,0.750043675751223
1615,brute,51,6,1,distance,0.750043675751223
1616,brute,31,6,1,distance,0.750043675751223
1617,ball_tree,31,6,1,distance,0.750043675751223
1618,auto,51,6,1,distance,0.750043675751223
1619,ball_tree,41,6,1,distance,0.750043675751223
1620,brute,11,6,1,distance,0.750043675751223
1621,kd_tree,91,6,1,distance,0.750043675751223
1622,ball_tree,21,6,1,distance,0.750043675751223
1623,auto,11,6,1,distance,0.750043675751223
1624,ball_tree,81,6,1,distance,0.750043675751223
1625,ball_tree,51,6,1,distance,0.750043675751223
1626,auto,41,6,1,distance,0.750043675751223
1627,brute,71,6,1,distance,0.750043675751223
1628,ball_tree,71,6,1,distance,0.750043675751223
1629,brute,1,6,1,distance,0.750043675751223
1630,brute,21,6,1,distance,0.750043675751223
1631,kd_tree,1,6,1,distance,0.750043675751223
1632,auto,1,6,1,distance,0.750043675751223
1633,ball_tree,11,6,1,distance,0.750043675751223
1634,brute,81,6,1,distance,0.750043675751223
1635,kd_tree,11,6,1,distance,0.750043675751223
1636,ball_tree,1,6,1,distance,0.750043675751223
1637,brute,91,6,1,distance,0.750043675751223
1638,kd_tree,21,6,1,distance,0.750043675751223
1639,auto,31,6,1,distance,0.750043675751223
1640,kd_tree,91,8,1,uniform,0.7477288609364081
1641,ball_tree,41,8,1,uniform,0.7477288609364081
1642,brute,61,8,1,uniform,0.7477288609364081
1643,brute,31,8,1,uniform,0.7477288609364081
1644,ball_tree,81,8,1,uniform,0.7477288609364081
1645,brute,41,8,1,uniform,0.7477288609364081
1646,kd_tree,71,8,1,uniform,0.7477288609364081
1647,auto,61,8,1,uniform,0.7477288609364081
1648,ball_tree,51,8,1,uniform,0.7477288609364081
1649,auto,91,8,1,uniform,0.7477288609364081
1650,ball_tree,71,8,1,uniform,0.7477288609364081
1651,brute,71,8,1,uniform,0.7477288609364081
1652,kd_tree,51,8,1,uniform,0.7477288609364081
1653,ball_tree,1,8,1,uniform,0.7477288609364081
1654,auto,71,8,1,uniform,0.7477288609364081
1655,brute,1,8,1,uniform,0.7477288609364081
1656,ball_tree,61,8,1,uniform,0.7477288609364081
1657,brute,51,8,1,uniform,0.7477288609364081
1658,kd_tree,21,8,1,uniform,0.7477288609364081
1659,auto,21,8,1,uniform,0.7477288609364081
1660,auto,51,8,1,uniform,0.7477288609364081
1661,auto,1,8,1,uniform,0.7477288609364081
1662,ball_tree,21,8,1,uniform,0.7477288609364081
1663,auto,31,8,1,uniform,0.7477288609364081
1664,kd_tree,31,8,1,uniform,0.7477288609364081
1665,kd_tree,1,8,1,uniform,0.7477288609364081
1666,auto,11,8,1,uniform,0.7477288609364081
1667,kd_tree,11,8,1,uniform,0.7477288609364081
1668,kd_tree,81,8,1,uniform,0.7477288609364081
1669,brute,81,8,1,uniform,0.7477288609364081
1670,brute,21,8,1,uniform,0.7477288609364081
1671,auto,41,8,1,uniform,0.7477288609364081
1672,auto,81,8,1,uniform,0.7477288609364081
1673,ball_tree,11,8,1,uniform,0.7477288609364081
1674,kd_tree,61,8,1,uniform,0.7477288609364081
1675,brute,91,8,1,uniform,0.7477288609364081
1676,ball_tree,31,8,1,uniform,0.7477288609364081
1677,brute,11,8,1,uniform,0.7477288609364081
1678,kd_tree,41,8,1,uniform,0.7477288609364081
1679,ball_tree,91,8,1,uniform,0.7477288609364081
1680,brute,91,2,1,uniform,0.7452830188679245
1681,brute,61,2,1,uniform,0.7452830188679245
1682,brute,71,2,1,uniform,0.7452830188679245
1683,brute,81,2,1,uniform,0.7452830188679245
1684,auto,1,2,1,uniform,0.7452830188679245
1685,brute,51,2,1,uniform,0.7452830188679245
1686,brute,1,2,1,uniform,0.7452830188679245
1687,kd_tree,81,2,1,uniform,0.7452830188679245
1688,kd_tree,71,2,1,uniform,0.7452830188679245
1689,kd_tree,61,2,1,uniform,0.7452830188679245
1690,kd_tree,51,2,1,uniform,0.7452830188679245
1691,kd_tree,41,2,1,uniform,0.7452830188679245
1692,kd_tree,31,2,1,uniform,0.7452830188679245
1693,kd_tree,21,2,1,uniform,0.7452830188679245
1694,kd_tree,11,2,1,uniform,0.7452830188679245
1695,ball_tree,91,2,1,uniform,0.7452830188679245
1696,ball_tree,81,2,1,uniform,0.7452830188679245
1697,ball_tree,71,2,1,uniform,0.7452830188679245
1698,ball_tree,61,2,1,uniform,0.7452830188679245
1699,ball_tree,51,2,1,uniform,0.7452830188679245
1700,ball_tree,41,2,1,uniform,0.7452830188679245
1701,ball_tree,31,2,1,uniform,0.7452830188679245
1702,ball_tree,21,2,1,uniform,0.7452830188679245
1703,ball_tree,11,2,1,uniform,0.7452830188679245
1704,ball_tree,1,2,1,uniform,0.7452830188679245
1705,auto,91,2,1,uniform,0.7452830188679245
1706,auto,81,2,1,uniform,0.7452830188679245
1707,auto,71,2,1,uniform,0.7452830188679245
1708,auto,61,2,1,uniform,0.7452830188679245
1709,auto,51,2,1,uniform,0.7452830188679245
1710,auto,41,2,1,uniform,0.7452830188679245
1711,auto,31,2,1,uniform,0.7452830188679245
1712,auto,21,2,1,uniform,0.7452830188679245
1713,auto,11,2,1,uniform,0.7452830188679245
1714,kd_tree,91,2,1,uniform,0.7452830188679245
1715,kd_tree,1,2,1,uniform,0.7452830188679245
1716,brute,21,2,1,uniform,0.7452830188679245
1717,brute,41,2,1,uniform,0.7452830188679245
1718,brute,31,2,1,uniform,0.7452830188679245
1719,brute,11,2,1,uniform,0.7452830188679245
1720,kd_tree,41,4,1,uniform,0.7406533892382949
1721,kd_tree,11,4,1,uniform,0.7406533892382949
1722,auto,41,4,1,uniform,0.7406533892382949
1723,ball_tree,81,4,1,uniform,0.7406533892382949
1724,kd_tree,51,4,1,uniform,0.7406533892382949
1725,ball_tree,11,4,1,uniform,0.7406533892382949
1726,brute,91,4,1,uniform,0.7406533892382949
1727,auto,51,4,1,uniform,0.7406533892382949
1728,brute,31,4,1,uniform,0.7406533892382949
1729,brute,21,4,1,uniform,0.7406533892382949
1730,ball_tree,21,4,1,uniform,0.7406533892382949
1731,brute,51,4,1,uniform,0.7406533892382949
1732,auto,61,4,1,uniform,0.7406533892382949
1733,ball_tree,91,4,1,uniform,0.7406533892382949
1734,kd_tree,31,4,1,uniform,0.7406533892382949
1735,brute,71,4,1,uniform,0.7406533892382949
1736,auto,71,4,1,uniform,0.7406533892382949
1737,ball_tree,1,4,1,uniform,0.7406533892382949
1738,auto,81,4,1,uniform,0.7406533892382949
1739,kd_tree,1,4,1,uniform,0.7406533892382949
1740,kd_tree,21,4,1,uniform,0.7406533892382949
1741,auto,91,4,1,uniform,0.7406533892382949
1742,kd_tree,61,4,1,uniform,0.7406533892382949
1743,brute,41,4,1,uniform,0.7406533892382949
1744,auto,21,4,1,uniform,0.7406533892382949
1745,brute,81,4,1,uniform,0.7406533892382949
1746,ball_tree,31,4,1,uniform,0.7406533892382949
1747,auto,11,4,1,uniform,0.7406533892382949
1748,ball_tree,61,4,1,uniform,0.7406533892382949
1749,ball_tree,51,4,1,uniform,0.7406533892382949
1750,kd_tree,81,4,1,uniform,0.7406533892382949
1751,auto,1,4,1,uniform,0.7406533892382949
1752,ball_tree,41,4,1,uniform,0.7406533892382949
1753,auto,31,4,1,uniform,0.7406533892382949
1754,kd_tree,71,4,1,uniform,0.7406533892382949
1755,brute,11,4,1,uniform,0.7406533892382949
1756,brute,61,4,1,uniform,0.7406533892382949
1757,ball_tree,71,4,1,uniform,0.7406533892382949
1758,brute,1,4,1,uniform,0.7406533892382949
1759,kd_tree,91,4,1,uniform,0.7406533892382949
1760,kd_tree,1,5,1,uniform,0.7382948986722571
1761,brute,1,5,1,uniform,0.7382948986722571
1762,brute,31,5,1,uniform,0.7382948986722571
1763,auto,91,5,1,uniform,0.7382948986722571
1764,ball_tree,1,5,1,uniform,0.7382948986722571
1765,ball_tree,51,5,1,uniform,0.7382948986722571
1766,ball_tree,71,5,1,uniform,0.7382948986722571
1767,ball_tree,91,5,1,uniform,0.7382948986722571
1768,ball_tree,31,5,1,uniform,0.7382948986722571
1769,brute,51,5,1,uniform,0.7382948986722571
1770,ball_tree,61,5,1,uniform,0.7382948986722571
1771,brute,71,5,1,uniform,0.7382948986722571
1772,ball_tree,21,5,1,uniform,0.7382948986722571
1773,ball_tree,81,5,1,uniform,0.7382948986722571
1774,brute,21,5,1,uniform,0.7382948986722571
1775,ball_tree,11,5,1,uniform,0.7382948986722571
1776,brute,81,5,1,uniform,0.7382948986722571
1777,auto,71,5,1,uniform,0.7382948986722571
1778,ball_tree,41,5,1,uniform,0.7382948986722571
1779,kd_tree,11,5,1,uniform,0.7382948986722571
1780,kd_tree,41,5,1,uniform,0.7382948986722571
1781,auto,1,5,1,uniform,0.7382948986722571
1782,auto,11,5,1,uniform,0.7382948986722571
1783,kd_tree,91,5,1,uniform,0.7382948986722571
1784,auto,21,5,1,uniform,0.7382948986722571
1785,kd_tree,81,5,1,uniform,0.7382948986722571
1786,brute,41,5,1,uniform,0.7382948986722571
1787,kd_tree,71,5,1,uniform,0.7382948986722571
1788,auto,31,5,1,uniform,0.7382948986722571
1789,kd_tree,61,5,1,uniform,0.7382948986722571
1790,brute,11,5,1,uniform,0.7382948986722571
1791,brute,91,5,1,uniform,0.7382948986722571
1792,kd_tree,51,5,1,uniform,0.7382948986722571
1793,auto,41,5,1,uniform,0.7382948986722571
1794,brute,61,5,1,uniform,0.7382948986722571
1795,auto,81,5,1,uniform,0.7382948986722571
1796,auto,61,5,1,uniform,0.7382948986722571
1797,kd_tree,31,5,1,uniform,0.7382948986722571
1798,kd_tree,21,5,1,uniform,0.7382948986722571
1799,auto,51,5,1,uniform,0.7382948986722571
1800,auto,41,6,1,uniform,0.7359364081062194
1801,auto,21,6,1,uniform,0.7359364081062194
1802,auto,91,6,1,uniform,0.7359364081062194
1803,auto,1,6,1,uniform,0.7359364081062194
1804,auto,81,6,1,uniform,0.7359364081062194
1805,ball_tree,31,6,1,uniform,0.7359364081062194
1806,auto,11,6,1,uniform,0.7359364081062194
1807,brute,41,6,1,uniform,0.7359364081062194
1808,auto,71,6,1,uniform,0.7359364081062194
1809,ball_tree,41,6,1,uniform,0.7359364081062194
1810,ball_tree,21,6,1,uniform,0.7359364081062194
1811,ball_tree,1,6,1,uniform,0.7359364081062194
1812,auto,61,6,1,uniform,0.7359364081062194
1813,brute,91,6,1,uniform,0.7359364081062194
1814,auto,31,6,1,uniform,0.7359364081062194
1815,ball_tree,11,6,1,uniform,0.7359364081062194
1816,brute,31,6,1,uniform,0.7359364081062194
1817,auto,51,6,1,uniform,0.7359364081062194
1818,brute,81,6,1,uniform,0.7359364081062194
1819,brute,1,6,1,uniform,0.7359364081062194
1820,ball_tree,71,6,1,uniform,0.7359364081062194
1821,ball_tree,91,6,1,uniform,0.7359364081062194
1822,brute,71,6,1,uniform,0.7359364081062194
1823,kd_tree,61,6,1,uniform,0.7359364081062194
1824,kd_tree,1,6,1,uniform,0.7359364081062194
1825,kd_tree,71,6,1,uniform,0.7359364081062194
1826,brute,11,6,1,uniform,0.7359364081062194
1827,brute,51,6,1,uniform,0.7359364081062194
1828,kd_tree,81,6,1,uniform,0.7359364081062194
1829,ball_tree,81,6,1,uniform,0.7359364081062194
1830,ball_tree,61,6,1,uniform,0.7359364081062194
1831,brute,21,6,1,uniform,0.7359364081062194
1832,kd_tree,31,6,1,uniform,0.7359364081062194
1833,kd_tree,91,6,1,uniform,0.7359364081062194
1834,kd_tree,11,6,1,uniform,0.7359364081062194
1835,kd_tree,51,6,1,uniform,0.7359364081062194
1836,brute,61,6,1,uniform,0.7359364081062194
1837,ball_tree,51,6,1,uniform,0.7359364081062194
1838,kd_tree,21,6,1,uniform,0.7359364081062194
1839,kd_tree,41,6,1,uniform,0.7359364081062194
1840,kd_tree,41,7,1,uniform,0.7336215932914046
1841,ball_tree,41,7,1,uniform,0.7336215932914046
1842,brute,61,7,1,uniform,0.7336215932914046
1843,auto,41,7,1,uniform,0.7336215932914046
1844,kd_tree,31,7,1,uniform,0.7336215932914046
1845,brute,11,7,1,uniform,0.7336215932914046
1846,auto,61,7,1,uniform,0.7336215932914046
1847,auto,51,7,1,uniform,0.7336215932914046
1848,kd_tree,51,7,1,uniform,0.7336215932914046
1849,brute,51,7,1,uniform,0.7336215932914046
1850,brute,31,7,1,uniform,0.7336215932914046
1851,auto,31,7,1,uniform,0.7336215932914046
1852,kd_tree,61,7,1,uniform,0.7336215932914046
1853,kd_tree,71,7,1,uniform,0.7336215932914046
1854,auto,21,7,1,uniform,0.7336215932914046
1855,brute,91,7,1,uniform,0.7336215932914046
1856,kd_tree,81,7,1,uniform,0.7336215932914046
1857,auto,11,7,1,uniform,0.7336215932914046
1858,brute,41,7,1,uniform,0.7336215932914046
1859,auto,1,7,1,uniform,0.7336215932914046
1860,kd_tree,91,7,1,uniform,0.7336215932914046
1861,brute,1,7,1,uniform,0.7336215932914046
1862,auto,71,7,1,uniform,0.7336215932914046
1863,kd_tree,21,7,1,uniform,0.7336215932914046
1864,auto,91,7,1,uniform,0.7336215932914046
1865,ball_tree,51,7,1,uniform,0.7336215932914046
1866,ball_tree,11,7,1,uniform,0.7336215932914046
1867,brute,71,7,1,uniform,0.7336215932914046
1868,ball_tree,81,7,1,uniform,0.7336215932914046
1869,ball_tree,61,7,1,uniform,0.7336215932914046
1870,ball_tree,1,7,1,uniform,0.7336215932914046
1871,ball_tree,21,7,1,uniform,0.7336215932914046
1872,ball_tree,91,7,1,uniform,0.7336215932914046
1873,brute,81,7,1,uniform,0.7336215932914046
1874,kd_tree,1,7,1,uniform,0.7336215932914046
1875,ball_tree,71,7,1,uniform,0.7336215932914046
1876,kd_tree,11,7,1,uniform,0.7336215932914046
1877,brute,21,7,1,uniform,0.7336215932914046
1878,ball_tree,31,7,1,uniform,0.7336215932914046
1879,auto,81,7,1,uniform,0.7336215932914046
1880,kd_tree,71,9,1,uniform,0.728948287910552
1881,brute,41,9,1,uniform,0.728948287910552
1882,kd_tree,91,9,1,uniform,0.728948287910552
1883,auto,21,9,1,uniform,0.728948287910552
1884,ball_tree,61,9,1,uniform,0.728948287910552
1885,brute,21,9,1,uniform,0.728948287910552
1886,ball_tree,31,9,1,uniform,0.728948287910552
1887,brute,91,9,1,uniform,0.728948287910552
1888,brute,51,9,1,uniform,0.728948287910552
1889,ball_tree,21,9,1,uniform,0.728948287910552
1890,auto,1,9,1,uniform,0.728948287910552
1891,kd_tree,81,9,1,uniform,0.728948287910552
1892,auto,11,9,1,uniform,0.728948287910552
1893,kd_tree,61,9,1,uniform,0.728948287910552
1894,ball_tree,51,9,1,uniform,0.728948287910552
1895,brute,1,9,1,uniform,0.728948287910552
1896,brute,61,9,1,uniform,0.728948287910552
1897,kd_tree,51,9,1,uniform,0.728948287910552
1898,ball_tree,11,9,1,uniform,0.728948287910552
1899,auto,31,9,1,uniform,0.728948287910552
1900,brute,81,9,1,uniform,0.728948287910552
1901,auto,71,9,1,uniform,0.728948287910552
1902,kd_tree,11,9,1,uniform,0.728948287910552
1903,ball_tree,41,9,1,uniform,0.728948287910552
1904,kd_tree,21,9,1,uniform,0.728948287910552
1905,brute,31,9,1,uniform,0.728948287910552
1906,auto,61,9,1,uniform,0.728948287910552
1907,auto,81,9,1,uniform,0.728948287910552
1908,kd_tree,1,9,1,uniform,0.728948287910552
1909,kd_tree,31,9,1,uniform,0.728948287910552
1910,auto,51,9,1,uniform,0.728948287910552
1911,auto,91,9,1,uniform,0.728948287910552
1912,ball_tree,91,9,1,uniform,0.728948287910552
1913,kd_tree,41,9,1,uniform,0.728948287910552
1914,auto,41,9,1,uniform,0.728948287910552
1915,ball_tree,81,9,1,uniform,0.728948287910552
1916,ball_tree,1,9,1,uniform,0.728948287910552
1917,ball_tree,71,9,1,uniform,0.728948287910552
1918,brute,11,9,1,uniform,0.728948287910552
1919,brute,71,9,1,uniform,0.728948287910552
