,C,coef0,decision_function_shape,gamma,kernel,Accuracy
0,4.0,2.0,ovr,0.1,rbf,0.745545073375262
1,4.0,0.0,ovr,0.1,rbf,0.745545073375262
2,4.0,3.0,ovr,0.1,rbf,0.745545073375262
3,4.0,3.0,ovo,0.1,rbf,0.745545073375262
4,4.0,1.0,ovr,0.1,rbf,0.745545073375262
5,4.0,1.0,ovo,0.1,rbf,0.745545073375262
6,4.0,2.0,ovo,0.1,rbf,0.745545073375262
7,4.0,0.0,ovo,0.1,rbf,0.745545073375262
8,6.0,3.0,ovo,0.001,poly,0.7451956673654787
9,6.0,3.0,ovr,0.001,poly,0.7451956673654787
10,5.0,3.0,ovr,0.001,poly,0.7451956673654787
11,4.0,3.0,ovo,0.001,poly,0.7451956673654787
12,8.0,2.0,ovo,0.001,poly,0.7451956673654787
13,4.0,3.0,ovr,0.001,poly,0.7451956673654787
14,8.0,2.0,ovr,0.001,poly,0.7451956673654787
15,5.0,3.0,ovo,0.001,poly,0.7451956673654787
16,5.0,1.0,ovo,0.5,linear,0.7429682040531097
17,5.0,1.0,ovo,0.001,linear,0.7429682040531097
18,5.0,1.0,ovo,0.01,linear,0.7429682040531097
19,5.0,1.0,ovo,0.1,linear,0.7429682040531097
20,5.0,0.0,ovo,0.001,linear,0.7429682040531097
21,5.0,1.0,ovo,1.0,linear,0.7429682040531097
22,5.0,1.0,ovo,3.0,linear,0.7429682040531097
23,5.0,0.0,ovr,1.0,linear,0.7429682040531097
24,5.0,0.0,ovr,3.0,linear,0.7429682040531097
25,5.0,0.0,ovo,0.01,linear,0.7429682040531097
26,5.0,0.0,ovr,0.1,linear,0.7429682040531097
27,5.0,0.0,ovr,0.01,linear,0.7429682040531097
28,5.0,0.0,ovr,0.001,linear,0.7429682040531097
29,5.0,0.0,ovo,3.0,linear,0.7429682040531097
30,5.0,0.0,ovo,1.0,linear,0.7429682040531097
31,5.0,0.0,ovo,0.5,linear,0.7429682040531097
32,5.0,0.0,ovo,0.1,linear,0.7429682040531097
33,5.0,1.0,ovr,0.01,linear,0.7429682040531097
34,5.0,1.0,ovr,0.001,linear,0.7429682040531097
35,5.0,0.0,ovr,0.5,linear,0.7429682040531097
36,5.0,1.0,ovr,0.1,linear,0.7429682040531097
37,5.0,2.0,ovr,1.0,linear,0.7429682040531097
38,5.0,1.0,ovr,0.5,linear,0.7429682040531097
39,5.0,3.0,ovr,1.0,linear,0.7429682040531097
40,5.0,3.0,ovr,0.5,linear,0.7429682040531097
41,5.0,3.0,ovr,0.1,linear,0.7429682040531097
42,5.0,3.0,ovr,0.01,linear,0.7429682040531097
43,5.0,3.0,ovr,0.001,linear,0.7429682040531097
44,5.0,3.0,ovo,3.0,linear,0.7429682040531097
45,5.0,3.0,ovo,1.0,linear,0.7429682040531097
46,5.0,3.0,ovo,0.5,linear,0.7429682040531097
47,5.0,3.0,ovo,0.1,linear,0.7429682040531097
48,5.0,3.0,ovo,0.01,linear,0.7429682040531097
49,5.0,3.0,ovo,0.001,linear,0.7429682040531097
50,5.0,2.0,ovr,3.0,linear,0.7429682040531097
51,5.0,3.0,ovr,3.0,linear,0.7429682040531097
52,5.0,2.0,ovr,0.5,linear,0.7429682040531097
53,5.0,2.0,ovo,0.5,linear,0.7429682040531097
54,5.0,2.0,ovr,0.1,linear,0.7429682040531097
55,5.0,1.0,ovr,3.0,linear,0.7429682040531097
56,5.0,2.0,ovo,0.001,linear,0.7429682040531097
57,5.0,2.0,ovo,0.01,linear,0.7429682040531097
58,5.0,2.0,ovo,0.1,linear,0.7429682040531097
59,5.0,1.0,ovr,1.0,linear,0.7429682040531097
60,5.0,2.0,ovo,1.0,linear,0.7429682040531097
61,5.0,2.0,ovr,0.001,linear,0.7429682040531097
62,5.0,2.0,ovr,0.01,linear,0.7429682040531097
63,5.0,2.0,ovo,3.0,linear,0.7429682040531097
64,1.0,2.0,ovr,0.01,linear,0.7429245283018868
65,1.0,2.0,ovr,1.0,linear,0.7429245283018868
66,1.0,2.0,ovr,0.5,linear,0.7429245283018868
67,1.0,2.0,ovr,0.1,linear,0.7429245283018868
68,1.0,2.0,ovr,0.01,rbf,0.7429245283018868
69,1.0,2.0,ovo,3.0,linear,0.7429245283018868
70,1.0,2.0,ovr,0.001,linear,0.7429245283018868
71,1.0,2.0,ovo,1.0,linear,0.7429245283018868
72,1.0,2.0,ovo,0.5,linear,0.7429245283018868
73,1.0,2.0,ovo,0.1,linear,0.7429245283018868
74,1.0,3.0,ovo,0.001,linear,0.7429245283018868
75,1.0,2.0,ovo,0.01,rbf,0.7429245283018868
76,1.0,2.0,ovr,3.0,linear,0.7429245283018868
77,1.0,3.0,ovo,3.0,linear,0.7429245283018868
78,1.0,3.0,ovo,0.01,linear,0.7429245283018868
79,1.0,3.0,ovo,0.01,rbf,0.7429245283018868
80,1.0,3.0,ovo,0.1,linear,0.7429245283018868
81,1.0,3.0,ovo,0.5,linear,0.7429245283018868
82,1.0,3.0,ovo,1.0,linear,0.7429245283018868
83,1.0,3.0,ovr,0.001,linear,0.7429245283018868
84,1.0,3.0,ovr,0.01,linear,0.7429245283018868
85,1.0,3.0,ovr,0.01,rbf,0.7429245283018868
86,1.0,3.0,ovr,0.1,linear,0.7429245283018868
87,1.0,3.0,ovr,0.5,linear,0.7429245283018868
88,1.0,3.0,ovr,1.0,linear,0.7429245283018868
89,1.0,3.0,ovr,3.0,linear,0.7429245283018868
90,1.0,2.0,ovo,0.001,linear,0.7429245283018868
91,1.0,2.0,ovo,0.01,linear,0.7429245283018868
92,1.0,0.0,ovo,0.001,linear,0.7429245283018868
93,1.0,0.0,ovr,0.5,linear,0.7429245283018868
94,1.0,1.0,ovr,0.5,linear,0.7429245283018868
95,1.0,0.0,ovo,3.0,linear,0.7429245283018868
96,1.0,0.0,ovo,1.0,linear,0.7429245283018868
97,1.0,1.0,ovr,0.001,linear,0.7429245283018868
98,1.0,1.0,ovo,0.01,rbf,0.7429245283018868
99,1.0,1.0,ovo,1.0,linear,0.7429245283018868
100,1.0,1.0,ovo,3.0,linear,0.7429245283018868
101,1.0,0.0,ovo,0.01,linear,0.7429245283018868
102,1.0,1.0,ovo,0.5,linear,0.7429245283018868
103,1.0,1.0,ovo,0.01,linear,0.7429245283018868
104,1.0,1.0,ovo,0.1,linear,0.7429245283018868
105,1.0,0.0,ovo,0.1,linear,0.7429245283018868
106,1.0,1.0,ovr,1.0,linear,0.7429245283018868
107,1.0,0.0,ovr,1.0,linear,0.7429245283018868
108,1.0,1.0,ovr,0.1,linear,0.7429245283018868
109,1.0,0.0,ovr,0.1,linear,0.7429245283018868
110,1.0,1.0,ovo,0.001,linear,0.7429245283018868
111,1.0,0.0,ovo,0.01,rbf,0.7429245283018868
112,1.0,0.0,ovo,0.5,linear,0.7429245283018868
113,1.0,1.0,ovr,0.01,rbf,0.7429245283018868
114,1.0,0.0,ovr,3.0,linear,0.7429245283018868
115,1.0,0.0,ovr,0.01,rbf,0.7429245283018868
116,1.0,0.0,ovr,0.001,linear,0.7429245283018868
117,1.0,1.0,ovr,3.0,linear,0.7429245283018868
118,1.0,1.0,ovr,0.01,linear,0.7429245283018868
119,1.0,0.0,ovr,0.01,linear,0.7429245283018868
120,3.0,3.0,ovo,0.001,poly,0.742837176799441
121,7.0,3.0,ovr,0.001,poly,0.742837176799441
122,8.0,3.0,ovr,0.001,poly,0.742837176799441
123,8.0,3.0,ovo,0.001,poly,0.742837176799441
124,7.0,2.0,ovo,0.001,poly,0.742837176799441
125,7.0,3.0,ovo,0.001,poly,0.742837176799441
126,3.0,3.0,ovr,0.001,poly,0.742837176799441
127,7.0,2.0,ovr,0.001,poly,0.742837176799441
128,4.0,1.0,ovr,0.01,linear,0.7406533892382949
129,4.0,2.0,ovr,0.5,linear,0.7406533892382949
130,4.0,1.0,ovr,3.0,linear,0.7406533892382949
131,4.0,1.0,ovr,0.5,linear,0.7406533892382949
132,4.0,2.0,ovr,1.0,linear,0.7406533892382949
133,4.0,2.0,ovo,0.001,linear,0.7406533892382949
134,4.0,1.0,ovr,0.1,linear,0.7406533892382949
135,4.0,0.0,ovo,0.01,linear,0.7406533892382949
136,4.0,1.0,ovr,0.001,linear,0.7406533892382949
137,4.0,2.0,ovo,0.01,linear,0.7406533892382949
138,4.0,2.0,ovo,1.0,linear,0.7406533892382949
139,4.0,2.0,ovr,0.1,linear,0.7406533892382949
140,4.0,2.0,ovr,0.01,linear,0.7406533892382949
141,4.0,2.0,ovo,0.1,linear,0.7406533892382949
142,4.0,2.0,ovo,0.5,linear,0.7406533892382949
143,4.0,0.0,ovo,0.001,linear,0.7406533892382949
144,4.0,2.0,ovr,0.001,linear,0.7406533892382949
145,4.0,2.0,ovo,3.0,linear,0.7406533892382949
146,4.0,0.0,ovo,0.1,linear,0.7406533892382949
147,4.0,2.0,ovr,3.0,linear,0.7406533892382949
148,4.0,0.0,ovr,3.0,linear,0.7406533892382949
149,4.0,3.0,ovo,0.001,linear,0.7406533892382949
150,4.0,3.0,ovr,0.01,linear,0.7406533892382949
151,4.0,0.0,ovr,1.0,linear,0.7406533892382949
152,4.0,0.0,ovo,0.5,linear,0.7406533892382949
153,4.0,1.0,ovo,0.001,linear,0.7406533892382949
154,4.0,1.0,ovo,0.01,linear,0.7406533892382949
155,4.0,3.0,ovr,3.0,linear,0.7406533892382949
156,4.0,0.0,ovr,0.1,linear,0.7406533892382949
157,4.0,1.0,ovo,0.1,linear,0.7406533892382949
158,4.0,3.0,ovo,0.01,linear,0.7406533892382949
159,4.0,3.0,ovr,1.0,linear,0.7406533892382949
160,4.0,3.0,ovr,0.5,linear,0.7406533892382949
161,4.0,3.0,ovr,0.1,linear,0.7406533892382949
162,4.0,0.0,ovr,0.01,linear,0.7406533892382949
163,4.0,0.0,ovr,0.5,linear,0.7406533892382949
164,4.0,3.0,ovr,0.001,linear,0.7406533892382949
165,4.0,3.0,ovo,1.0,linear,0.7406533892382949
166,4.0,0.0,ovo,3.0,linear,0.7406533892382949
167,4.0,1.0,ovo,3.0,linear,0.7406533892382949
168,4.0,1.0,ovr,1.0,linear,0.7406533892382949
169,4.0,3.0,ovo,0.1,linear,0.7406533892382949
170,4.0,3.0,ovo,0.5,linear,0.7406533892382949
171,4.0,0.0,ovo,1.0,linear,0.7406533892382949
172,4.0,0.0,ovr,0.001,linear,0.7406533892382949
173,4.0,3.0,ovo,3.0,linear,0.7406533892382949
174,4.0,1.0,ovo,1.0,linear,0.7406533892382949
175,4.0,1.0,ovo,0.5,linear,0.7406533892382949
176,5.0,2.0,ovr,0.01,poly,0.740609713487072
177,2.0,0.0,ovo,0.01,linear,0.740609713487072
178,2.0,0.0,ovo,0.1,linear,0.740609713487072
179,2.0,1.0,ovo,0.01,linear,0.740609713487072
180,2.0,0.0,ovr,3.0,linear,0.740609713487072
181,2.0,0.0,ovo,0.5,linear,0.740609713487072
182,2.0,0.0,ovr,1.0,linear,0.740609713487072
183,2.0,0.0,ovr,0.5,linear,0.740609713487072
184,2.0,0.0,ovr,0.1,linear,0.740609713487072
185,2.0,0.0,ovr,0.01,linear,0.740609713487072
186,2.0,1.0,ovo,1.0,linear,0.740609713487072
187,2.0,0.0,ovo,1.0,linear,0.740609713487072
188,2.0,1.0,ovo,0.1,linear,0.740609713487072
189,2.0,0.0,ovr,0.001,linear,0.740609713487072
190,2.0,0.0,ovo,3.0,linear,0.740609713487072
191,2.0,1.0,ovo,0.5,linear,0.740609713487072
192,2.0,1.0,ovo,3.0,linear,0.740609713487072
193,2.0,1.0,ovo,0.001,linear,0.740609713487072
194,2.0,2.0,ovo,3.0,linear,0.740609713487072
195,2.0,2.0,ovr,0.5,linear,0.740609713487072
196,2.0,3.0,ovr,0.01,linear,0.740609713487072
197,2.0,2.0,ovo,1.0,linear,0.740609713487072
198,2.0,0.0,ovo,0.001,linear,0.740609713487072
199,2.0,2.0,ovr,0.001,linear,0.740609713487072
200,2.0,2.0,ovr,0.01,linear,0.740609713487072
201,2.0,2.0,ovr,0.1,linear,0.740609713487072
202,2.0,2.0,ovr,1.0,linear,0.740609713487072
203,5.0,2.0,ovo,0.01,poly,0.740609713487072
204,2.0,2.0,ovr,3.0,linear,0.740609713487072
205,2.0,3.0,ovo,0.001,linear,0.740609713487072
206,2.0,3.0,ovo,0.01,linear,0.740609713487072
207,2.0,3.0,ovo,0.1,linear,0.740609713487072
208,2.0,3.0,ovo,0.5,linear,0.740609713487072
209,2.0,3.0,ovo,1.0,linear,0.740609713487072
210,2.0,3.0,ovr,0.001,linear,0.740609713487072
211,2.0,2.0,ovo,0.5,linear,0.740609713487072
212,2.0,1.0,ovr,0.5,linear,0.740609713487072
213,2.0,1.0,ovr,1.0,linear,0.740609713487072
214,2.0,3.0,ovr,3.0,linear,0.740609713487072
215,2.0,1.0,ovr,0.001,linear,0.740609713487072
216,2.0,3.0,ovr,1.0,linear,0.740609713487072
217,2.0,1.0,ovr,0.01,linear,0.740609713487072
218,2.0,1.0,ovr,0.1,linear,0.740609713487072
219,2.0,2.0,ovo,0.1,linear,0.740609713487072
220,2.0,3.0,ovo,3.0,linear,0.740609713487072
221,2.0,3.0,ovr,0.5,linear,0.740609713487072
222,2.0,3.0,ovr,0.1,linear,0.740609713487072
223,2.0,1.0,ovr,3.0,linear,0.740609713487072
224,2.0,2.0,ovo,0.001,linear,0.740609713487072
225,2.0,2.0,ovo,0.01,linear,0.740609713487072
226,4.0,3.0,ovr,0.01,poly,0.7406097134870719
227,4.0,3.0,ovo,0.01,poly,0.7406097134870719
228,2.0,0.0,ovr,0.01,sigmoid,0.7405660377358491
229,2.0,0.0,ovo,0.01,sigmoid,0.7405660377358491
230,6.0,2.0,ovr,0.01,poly,0.7405660377358491
231,6.0,2.0,ovo,0.01,poly,0.7405660377358491
232,2.0,3.0,ovr,0.001,poly,0.7404786862334032
233,5.0,2.0,ovr,0.001,poly,0.7404786862334032
234,2.0,3.0,ovo,0.001,poly,0.7404786862334032
235,5.0,2.0,ovo,0.001,poly,0.7404786862334032
236,6.0,2.0,ovr,0.001,poly,0.7404786862334032
237,4.0,2.0,ovr,0.001,poly,0.7404786862334032
238,4.0,2.0,ovo,0.001,poly,0.7404786862334032
239,6.0,2.0,ovo,0.001,poly,0.7404786862334032
240,5.0,3.0,ovr,0.1,rbf,0.7384696016771488
241,5.0,3.0,ovo,0.1,rbf,0.7384696016771488
242,5.0,2.0,ovo,0.1,rbf,0.7384696016771488
243,5.0,1.0,ovo,0.1,rbf,0.7384696016771488
244,5.0,0.0,ovo,0.1,rbf,0.7384696016771488
245,5.0,2.0,ovr,0.1,rbf,0.7384696016771488
246,5.0,0.0,ovr,0.1,rbf,0.7384696016771488
247,5.0,1.0,ovr,0.1,rbf,0.7384696016771488
248,7.0,1.0,ovr,0.01,poly,0.73833857442348
249,7.0,3.0,ovo,0.01,poly,0.73833857442348
250,7.0,3.0,ovr,0.01,poly,0.73833857442348
251,7.0,1.0,ovo,0.01,poly,0.73833857442348
252,6.0,3.0,ovo,0.01,rbf,0.7382948986722572
253,6.0,0.0,ovo,0.01,rbf,0.7382948986722572
254,6.0,3.0,ovr,0.01,rbf,0.7382948986722572
255,6.0,2.0,ovr,0.01,rbf,0.7382948986722572
256,6.0,2.0,ovo,0.01,rbf,0.7382948986722572
257,6.0,1.0,ovr,0.01,rbf,0.7382948986722572
258,6.0,1.0,ovo,0.01,rbf,0.7382948986722572
259,6.0,0.0,ovr,0.01,rbf,0.7382948986722572
260,8.0,1.0,ovr,0.001,rbf,0.7382075471698113
261,5.0,1.0,ovo,0.001,poly,0.7382075471698113
262,8.0,2.0,ovr,0.001,rbf,0.7382075471698113
263,6.0,1.0,ovr,0.001,poly,0.7382075471698113
264,8.0,0.0,ovo,0.001,rbf,0.7382075471698113
265,8.0,1.0,ovo,0.001,rbf,0.7382075471698113
266,8.0,3.0,ovo,0.001,rbf,0.7382075471698113
267,8.0,2.0,ovo,0.001,rbf,0.7382075471698113
268,8.0,0.0,ovr,0.001,rbf,0.7382075471698113
269,8.0,3.0,ovr,0.001,rbf,0.7382075471698113
270,5.0,1.0,ovr,0.001,poly,0.7382075471698113
271,6.0,1.0,ovo,0.001,poly,0.7382075471698113
272,6.0,3.0,ovo,0.01,poly,0.7360674353598882
273,8.0,2.0,ovr,0.01,poly,0.7360674353598882
274,8.0,2.0,ovo,0.01,poly,0.7360674353598882
275,6.0,3.0,ovr,0.01,poly,0.7360674353598882
276,5.0,1.0,ovr,0.01,poly,0.7360237596086652
277,6.0,0.0,ovo,3.0,linear,0.7360237596086652
278,6.0,0.0,ovo,0.001,linear,0.7360237596086652
279,6.0,3.0,ovo,0.1,linear,0.7360237596086652
280,5.0,1.0,ovo,0.01,poly,0.7360237596086652
281,6.0,0.0,ovo,0.01,linear,0.7360237596086652
282,6.0,1.0,ovr,0.1,linear,0.7360237596086652
283,6.0,0.0,ovr,0.01,linear,0.7360237596086652
284,6.0,3.0,ovr,0.001,linear,0.7360237596086652
285,6.0,3.0,ovo,0.5,linear,0.7360237596086652
286,6.0,0.0,ovo,0.5,linear,0.7360237596086652
287,6.0,0.0,ovo,1.0,linear,0.7360237596086652
288,6.0,1.0,ovr,0.001,linear,0.7360237596086652
289,6.0,3.0,ovr,0.1,linear,0.7360237596086652
290,6.0,0.0,ovr,0.001,linear,0.7360237596086652
291,6.0,1.0,ovo,1.0,linear,0.7360237596086652
292,6.0,3.0,ovo,3.0,linear,0.7360237596086652
293,6.0,1.0,ovr,0.01,linear,0.7360237596086652
294,6.0,0.0,ovo,0.1,linear,0.7360237596086652
295,6.0,3.0,ovo,1.0,linear,0.7360237596086652
296,6.0,1.0,ovo,0.5,linear,0.7360237596086652
297,6.0,1.0,ovo,0.1,linear,0.7360237596086652
298,6.0,1.0,ovr,0.5,linear,0.7360237596086652
299,6.0,2.0,ovr,0.001,linear,0.7360237596086652
300,6.0,2.0,ovr,0.5,linear,0.7360237596086652
301,6.0,0.0,ovr,1.0,linear,0.7360237596086652
302,6.0,2.0,ovo,0.001,linear,0.7360237596086652
303,6.0,2.0,ovr,0.1,linear,0.7360237596086652
304,6.0,1.0,ovo,0.001,linear,0.7360237596086652
305,6.0,2.0,ovr,0.01,linear,0.7360237596086652
306,6.0,2.0,ovo,3.0,linear,0.7360237596086652
307,6.0,0.0,ovr,0.5,linear,0.7360237596086652
308,6.0,2.0,ovo,0.01,linear,0.7360237596086652
309,6.0,2.0,ovo,1.0,linear,0.7360237596086652
310,6.0,2.0,ovo,0.5,linear,0.7360237596086652
311,6.0,3.0,ovr,3.0,linear,0.7360237596086652
312,6.0,0.0,ovr,3.0,linear,0.7360237596086652
313,6.0,2.0,ovo,0.1,linear,0.7360237596086652
314,6.0,3.0,ovr,1.0,linear,0.7360237596086652
315,6.0,1.0,ovo,3.0,linear,0.7360237596086652
316,6.0,2.0,ovr,1.0,linear,0.7360237596086652
317,6.0,1.0,ovo,0.01,linear,0.7360237596086652
318,6.0,3.0,ovr,0.01,linear,0.7360237596086652
319,6.0,3.0,ovo,0.01,linear,0.7360237596086652
320,6.0,0.0,ovr,0.1,linear,0.7360237596086652
321,6.0,3.0,ovr,0.5,linear,0.7360237596086652
322,6.0,3.0,ovo,0.001,linear,0.7360237596086652
323,6.0,2.0,ovr,3.0,linear,0.7360237596086652
324,6.0,1.0,ovr,1.0,linear,0.7360237596086652
325,6.0,1.0,ovr,3.0,linear,0.7360237596086652
326,3.0,0.0,ovr,1.0,linear,0.7359800838574424
327,3.0,1.0,ovr,0.001,linear,0.7359800838574424
328,3.0,1.0,ovo,0.5,linear,0.7359800838574424
329,3.0,1.0,ovo,0.01,linear,0.7359800838574424
330,3.0,1.0,ovo,3.0,linear,0.7359800838574424
331,3.0,1.0,ovo,0.001,linear,0.7359800838574424
332,8.0,1.0,ovr,0.01,poly,0.7359800838574424
333,3.0,0.0,ovr,0.01,linear,0.7359800838574424
334,3.0,0.0,ovr,3.0,linear,0.7359800838574424
335,3.0,0.0,ovr,0.1,linear,0.7359800838574424
336,3.0,0.0,ovo,0.001,linear,0.7359800838574424
337,3.0,0.0,ovr,0.5,linear,0.7359800838574424
338,3.0,0.0,ovo,1.0,linear,0.7359800838574424
339,3.0,1.0,ovo,0.1,linear,0.7359800838574424
340,3.0,0.0,ovo,0.01,linear,0.7359800838574424
341,3.0,1.0,ovo,1.0,linear,0.7359800838574424
342,3.0,0.0,ovo,3.0,linear,0.7359800838574424
343,3.0,0.0,ovr,0.001,linear,0.7359800838574424
344,2.0,2.0,ovr,0.01,poly,0.7359800838574424
345,3.0,1.0,ovr,0.01,linear,0.7359800838574424
346,3.0,3.0,ovo,1.0,linear,0.7359800838574424
347,2.0,2.0,ovo,0.01,poly,0.7359800838574424
348,3.0,1.0,ovr,0.1,linear,0.7359800838574424
349,3.0,3.0,ovo,0.001,linear,0.7359800838574424
350,4.0,2.0,ovr,0.01,poly,0.7359800838574424
351,3.0,3.0,ovo,0.01,linear,0.7359800838574424
352,3.0,3.0,ovo,0.1,linear,0.7359800838574424
353,3.0,3.0,ovo,0.5,linear,0.7359800838574424
354,3.0,3.0,ovo,3.0,linear,0.7359800838574424
355,3.0,2.0,ovr,1.0,linear,0.7359800838574424
356,3.0,3.0,ovr,0.001,linear,0.7359800838574424
357,4.0,2.0,ovo,0.01,poly,0.7359800838574424
358,3.0,3.0,ovr,0.01,linear,0.7359800838574424
359,3.0,3.0,ovr,0.1,linear,0.7359800838574424
360,3.0,3.0,ovr,0.5,linear,0.7359800838574424
361,3.0,3.0,ovr,1.0,linear,0.7359800838574424
362,3.0,3.0,ovr,3.0,linear,0.7359800838574424
363,3.0,2.0,ovr,3.0,linear,0.7359800838574424
364,3.0,0.0,ovo,0.1,linear,0.7359800838574424
365,8.0,1.0,ovo,0.01,poly,0.7359800838574424
366,3.0,1.0,ovr,1.0,linear,0.7359800838574424
367,3.0,1.0,ovr,0.5,linear,0.7359800838574424
368,3.0,1.0,ovr,3.0,linear,0.7359800838574424
369,3.0,2.0,ovo,0.001,linear,0.7359800838574424
370,3.0,2.0,ovo,0.01,linear,0.7359800838574424
371,3.0,2.0,ovr,0.5,linear,0.7359800838574424
372,3.0,2.0,ovo,0.1,linear,0.7359800838574424
373,3.0,2.0,ovo,0.5,linear,0.7359800838574424
374,3.0,2.0,ovo,1.0,linear,0.7359800838574424
375,3.0,0.0,ovo,0.5,linear,0.7359800838574424
376,3.0,2.0,ovo,3.0,linear,0.7359800838574424
377,3.0,2.0,ovr,0.001,linear,0.7359800838574424
378,3.0,2.0,ovr,0.01,linear,0.7359800838574424
379,3.0,2.0,ovr,0.1,linear,0.7359800838574424
380,3.0,3.0,ovo,0.01,poly,0.7359364081062194
381,3.0,3.0,ovr,0.01,poly,0.7359364081062194
382,4.0,1.0,ovr,0.001,poly,0.7358490566037735
383,4.0,1.0,ovo,0.001,poly,0.7358490566037735
384,7.0,1.0,ovr,0.01,sigmoid,0.7358490566037735
385,7.0,1.0,ovr,0.001,rbf,0.7358490566037735
386,6.0,0.0,ovo,0.001,rbf,0.7358490566037735
387,7.0,2.0,ovo,0.001,rbf,0.7358490566037735
388,7.0,3.0,ovo,0.001,rbf,0.7358490566037735
389,6.0,0.0,ovr,0.001,rbf,0.7358490566037735
390,7.0,1.0,ovo,0.001,rbf,0.7358490566037735
391,7.0,2.0,ovr,0.001,rbf,0.7358490566037735
392,7.0,3.0,ovr,0.001,rbf,0.7358490566037735
393,7.0,1.0,ovo,0.01,sigmoid,0.7358490566037735
394,6.0,3.0,ovr,0.001,rbf,0.7358490566037735
395,6.0,1.0,ovr,0.001,rbf,0.7358490566037735
396,6.0,2.0,ovr,0.001,rbf,0.7358490566037735
397,7.0,0.0,ovr,0.001,rbf,0.7358490566037735
398,1.0,2.0,ovr,0.001,poly,0.7358490566037735
399,6.0,2.0,ovo,0.001,rbf,0.7358490566037735
400,6.0,1.0,ovo,0.001,rbf,0.7358490566037735
401,7.0,0.0,ovo,0.001,rbf,0.7358490566037735
402,6.0,3.0,ovo,0.001,rbf,0.7358490566037735
403,1.0,2.0,ovo,0.001,poly,0.7358490566037735
404,8.0,0.0,ovo,0.01,sigmoid,0.7358053808525507
405,8.0,0.0,ovr,0.01,sigmoid,0.7358053808525507
406,5.0,0.0,ovr,0.01,sigmoid,0.7358053808525507
407,5.0,0.0,ovo,0.01,sigmoid,0.7358053808525507
408,6.0,1.0,ovo,0.1,rbf,0.7338836477987422
409,6.0,0.0,ovo,0.1,rbf,0.7338836477987422
410,6.0,3.0,ovo,0.1,rbf,0.7338836477987422
411,6.0,1.0,ovr,0.1,rbf,0.7338836477987422
412,6.0,2.0,ovo,0.1,rbf,0.7338836477987422
413,6.0,2.0,ovr,0.1,rbf,0.7338836477987422
414,6.0,0.0,ovr,0.1,rbf,0.7338836477987422
415,6.0,3.0,ovr,0.1,rbf,0.7338836477987422
416,3.0,2.0,ovr,0.1,rbf,0.7338399720475193
417,3.0,1.0,ovo,0.1,rbf,0.7338399720475193
418,3.0,3.0,ovo,0.1,rbf,0.7338399720475193
419,3.0,0.0,ovr,0.1,rbf,0.7338399720475193
420,3.0,1.0,ovr,0.1,rbf,0.7338399720475193
421,3.0,2.0,ovo,0.1,rbf,0.7338399720475193
422,3.0,3.0,ovr,0.1,rbf,0.7338399720475193
423,3.0,0.0,ovo,0.1,rbf,0.7338399720475193
424,4.0,1.0,ovo,0.01,poly,0.7337089447938505
425,4.0,1.0,ovr,0.01,poly,0.7337089447938505
426,3.0,2.0,ovo,0.01,poly,0.7337089447938505
427,3.0,2.0,ovr,0.01,poly,0.7337089447938505
428,8.0,3.0,ovr,0.001,linear,0.7336652690426275
429,7.0,2.0,ovr,0.001,linear,0.7336652690426275
430,7.0,2.0,ovr,3.0,linear,0.7336652690426275
431,7.0,2.0,ovo,3.0,linear,0.7336652690426275
432,8.0,2.0,ovr,0.001,linear,0.7336652690426275
433,8.0,3.0,ovr,0.5,linear,0.7336652690426275
434,7.0,1.0,ovr,0.01,linear,0.7336652690426275
435,7.0,0.0,ovr,0.01,linear,0.7336652690426275
436,8.0,0.0,ovr,0.01,linear,0.7336652690426275
437,8.0,2.0,ovr,0.01,linear,0.7336652690426275
438,8.0,0.0,ovr,0.001,linear,0.7336652690426275
439,7.0,1.0,ovr,0.1,linear,0.7336652690426275
440,8.0,0.0,ovo,3.0,linear,0.7336652690426275
441,8.0,2.0,ovr,0.1,linear,0.7336652690426275
442,8.0,0.0,ovo,0.5,linear,0.7336652690426275
443,7.0,3.0,ovo,0.001,linear,0.7336652690426275
444,7.0,1.0,ovr,0.5,linear,0.7336652690426275
445,8.0,0.0,ovr,0.1,linear,0.7336652690426275
446,8.0,0.0,ovr,0.5,linear,0.7336652690426275
447,7.0,3.0,ovo,3.0,linear,0.7336652690426275
448,8.0,3.0,ovr,1.0,linear,0.7336652690426275
449,8.0,1.0,ovo,0.001,linear,0.7336652690426275
450,8.0,3.0,ovr,3.0,linear,0.7336652690426275
451,8.0,2.0,ovo,0.5,linear,0.7336652690426275
452,7.0,2.0,ovr,0.1,linear,0.7336652690426275
453,7.0,1.0,ovo,1.0,linear,0.7336652690426275
454,8.0,2.0,ovo,1.0,linear,0.7336652690426275
455,7.0,0.0,ovo,0.001,linear,0.7336652690426275
456,8.0,0.0,ovr,3.0,linear,0.7336652690426275
457,7.0,1.0,ovo,3.0,linear,0.7336652690426275
458,7.0,0.0,ovr,0.1,linear,0.7336652690426275
459,7.0,2.0,ovr,0.5,linear,0.7336652690426275
460,7.0,2.0,ovr,1.0,linear,0.7336652690426275
461,8.0,0.0,ovr,1.0,linear,0.7336652690426275
462,8.0,2.0,ovo,3.0,linear,0.7336652690426275
463,7.0,1.0,ovr,0.001,linear,0.7336652690426275
464,7.0,3.0,ovo,0.01,linear,0.7336652690426275
465,8.0,0.0,ovo,0.1,linear,0.7336652690426275
466,7.0,0.0,ovo,0.01,linear,0.7336652690426275
467,8.0,3.0,ovr,0.1,linear,0.7336652690426275
468,7.0,0.0,ovo,0.1,linear,0.7336652690426275
469,7.0,2.0,ovo,0.01,linear,0.7336652690426275
470,7.0,3.0,ovo,1.0,linear,0.7336652690426275
471,7.0,3.0,ovr,0.5,linear,0.7336652690426275
472,8.0,3.0,ovo,0.1,linear,0.7336652690426275
473,7.0,0.0,ovo,1.0,linear,0.7336652690426275
474,7.0,3.0,ovr,0.1,linear,0.7336652690426275
475,8.0,3.0,ovo,0.5,linear,0.7336652690426275
476,7.0,0.0,ovo,0.5,linear,0.7336652690426275
477,7.0,2.0,ovo,0.5,linear,0.7336652690426275
478,7.0,3.0,ovr,0.01,linear,0.7336652690426275
479,8.0,3.0,ovo,1.0,linear,0.7336652690426275
480,8.0,3.0,ovo,3.0,linear,0.7336652690426275
481,7.0,2.0,ovo,0.1,linear,0.7336652690426275
482,7.0,3.0,ovr,0.001,linear,0.7336652690426275
483,8.0,3.0,ovr,0.01,linear,0.7336652690426275
484,8.0,3.0,ovo,0.01,linear,0.7336652690426275
485,7.0,3.0,ovr,1.0,linear,0.7336652690426275
486,8.0,0.0,ovo,0.001,linear,0.7336652690426275
487,8.0,2.0,ovr,0.5,linear,0.7336652690426275
488,7.0,1.0,ovr,1.0,linear,0.7336652690426275
489,8.0,0.0,ovo,0.01,linear,0.7336652690426275
490,8.0,2.0,ovr,1.0,linear,0.7336652690426275
491,7.0,2.0,ovo,1.0,linear,0.7336652690426275
492,7.0,0.0,ovr,0.001,linear,0.7336652690426275
493,7.0,3.0,ovo,0.1,linear,0.7336652690426275
494,6.0,1.0,ovr,0.01,poly,0.7336652690426275
495,8.0,2.0,ovr,3.0,linear,0.7336652690426275
496,7.0,3.0,ovo,0.5,linear,0.7336652690426275
497,7.0,0.0,ovo,3.0,linear,0.7336652690426275
498,7.0,1.0,ovr,3.0,linear,0.7336652690426275
499,7.0,3.0,ovr,3.0,linear,0.7336652690426275
500,8.0,3.0,ovo,0.001,linear,0.7336652690426275
501,7.0,2.0,ovo,0.001,linear,0.7336652690426275
502,8.0,0.0,ovo,1.0,linear,0.7336652690426275
503,3.0,1.0,ovr,0.01,poly,0.7336652690426275
504,8.0,1.0,ovo,3.0,linear,0.7336652690426275
505,7.0,2.0,ovr,0.01,linear,0.7336652690426275
506,2.0,3.0,ovo,0.01,poly,0.7336652690426275
507,8.0,1.0,ovo,0.01,linear,0.7336652690426275
508,8.0,1.0,ovr,0.01,linear,0.7336652690426275
509,7.0,1.0,ovo,0.5,linear,0.7336652690426275
510,7.0,0.0,ovr,1.0,linear,0.7336652690426275
511,8.0,1.0,ovr,3.0,linear,0.7336652690426275
512,8.0,2.0,ovo,0.001,linear,0.7336652690426275
513,7.0,1.0,ovo,0.1,linear,0.7336652690426275
514,7.0,1.0,ovo,0.01,linear,0.7336652690426275
515,7.0,1.0,ovo,0.001,linear,0.7336652690426275
516,8.0,1.0,ovr,1.0,linear,0.7336652690426275
517,8.0,1.0,ovo,0.5,linear,0.7336652690426275
518,8.0,2.0,ovo,0.1,linear,0.7336652690426275
519,8.0,1.0,ovo,1.0,linear,0.7336652690426275
520,8.0,1.0,ovr,0.1,linear,0.7336652690426275
521,6.0,1.0,ovo,0.01,poly,0.7336652690426275
522,8.0,1.0,ovr,0.001,linear,0.7336652690426275
523,3.0,1.0,ovo,0.01,poly,0.7336652690426275
524,7.0,0.0,ovr,0.5,linear,0.7336652690426275
525,8.0,1.0,ovr,0.5,linear,0.7336652690426275
526,8.0,1.0,ovo,0.1,linear,0.7336652690426275
527,8.0,2.0,ovo,0.01,linear,0.7336652690426275
528,7.0,0.0,ovr,3.0,linear,0.7336652690426275
529,2.0,3.0,ovr,0.01,poly,0.7336652690426275
530,7.0,2.0,ovr,0.01,poly,0.7335779175401816
531,7.0,2.0,ovo,0.01,poly,0.7335779175401816
532,4.0,1.0,ovo,0.01,sigmoid,0.7335342417889588
533,5.0,1.0,ovr,0.001,rbf,0.7335342417889588
534,5.0,0.0,ovr,0.001,rbf,0.7335342417889588
535,5.0,0.0,ovo,0.001,rbf,0.7335342417889588
536,4.0,1.0,ovr,0.01,sigmoid,0.7335342417889588
537,5.0,2.0,ovo,0.001,rbf,0.7335342417889588
538,5.0,1.0,ovo,0.001,rbf,0.7335342417889588
539,5.0,3.0,ovr,0.001,rbf,0.7335342417889588
540,5.0,2.0,ovr,0.001,rbf,0.7335342417889588
541,5.0,3.0,ovo,0.001,rbf,0.7335342417889588
542,1.0,3.0,ovo,0.001,poly,0.7334905660377358
543,3.0,2.0,ovo,0.001,poly,0.7334905660377358
544,3.0,2.0,ovr,0.001,poly,0.7334905660377358
545,1.0,3.0,ovr,0.001,poly,0.7334905660377358
546,8.0,1.0,ovr,0.01,sigmoid,0.733446890286513
547,8.0,1.0,ovo,0.01,sigmoid,0.733446890286513
548,8.0,0.0,ovo,0.1,rbf,0.7315688329839274
549,8.0,2.0,ovo,0.1,rbf,0.7315688329839274
550,8.0,0.0,ovr,0.1,rbf,0.7315688329839274
551,8.0,3.0,ovr,0.1,rbf,0.7315688329839274
552,8.0,1.0,ovo,0.1,rbf,0.7315688329839274
553,8.0,2.0,ovr,0.1,rbf,0.7315688329839274
554,8.0,3.0,ovo,0.1,rbf,0.7315688329839274
555,8.0,1.0,ovr,0.1,rbf,0.7315688329839274
556,1.0,0.0,ovo,0.1,poly,0.7314378057302585
557,1.0,0.0,ovr,0.1,poly,0.7314378057302585
558,8.0,3.0,ovr,0.01,poly,0.7313941299790356
559,8.0,3.0,ovo,0.01,poly,0.7313941299790356
560,7.0,2.0,ovo,0.01,rbf,0.7313504542278128
561,7.0,0.0,ovo,0.01,rbf,0.7313504542278128
562,7.0,1.0,ovr,0.01,rbf,0.7313504542278128
563,7.0,1.0,ovo,0.01,rbf,0.7313504542278128
564,7.0,3.0,ovo,0.01,rbf,0.7313504542278128
565,7.0,3.0,ovr,0.01,rbf,0.7313504542278128
566,7.0,2.0,ovr,0.01,rbf,0.7313504542278128
567,7.0,0.0,ovr,0.01,rbf,0.7313504542278128
568,8.0,2.0,ovr,0.01,rbf,0.7313504542278126
569,8.0,1.0,ovo,0.01,rbf,0.7313504542278126
570,8.0,0.0,ovr,0.01,rbf,0.7313504542278126
571,8.0,3.0,ovo,0.01,rbf,0.7313504542278126
572,8.0,0.0,ovo,0.01,rbf,0.7313504542278126
573,8.0,2.0,ovo,0.01,rbf,0.7313504542278126
574,8.0,1.0,ovr,0.01,rbf,0.7313504542278126
575,8.0,3.0,ovr,0.01,rbf,0.7313504542278126
576,3.0,1.0,ovo,0.001,poly,0.7312631027253669
577,3.0,1.0,ovr,0.001,poly,0.7312631027253669
578,1.0,3.0,ovr,0.01,poly,0.7312194269741439
579,1.0,3.0,ovo,0.01,poly,0.7312194269741439
580,3.0,1.0,ovo,0.01,sigmoid,0.7311757512229211
581,3.0,1.0,ovr,0.01,sigmoid,0.7311757512229211
582,2.0,2.0,ovr,0.001,poly,0.731175751222921
583,2.0,2.0,ovo,0.001,poly,0.731175751222921
584,4.0,0.0,ovo,0.01,sigmoid,0.7311320754716981
585,8.0,1.0,ovo,0.001,poly,0.7311320754716981
586,7.0,1.0,ovo,0.001,poly,0.7311320754716981
587,4.0,0.0,ovr,0.01,sigmoid,0.7311320754716981
588,7.0,1.0,ovr,0.001,poly,0.7311320754716981
589,8.0,1.0,ovr,0.001,poly,0.7311320754716981
590,6.0,0.0,ovo,0.01,sigmoid,0.7310883997204751
591,6.0,0.0,ovr,0.01,sigmoid,0.7310883997204751
592,7.0,1.0,ovo,0.1,rbf,0.7292103424178896
593,7.0,3.0,ovo,0.1,rbf,0.7292103424178896
594,7.0,1.0,ovr,0.1,rbf,0.7292103424178896
595,7.0,0.0,ovr,0.1,rbf,0.7292103424178896
596,7.0,2.0,ovr,0.1,rbf,0.7292103424178896
597,7.0,3.0,ovr,0.1,rbf,0.7292103424178896
598,7.0,0.0,ovo,0.1,rbf,0.7292103424178896
599,7.0,2.0,ovo,0.1,rbf,0.7292103424178896
600,2.0,0.0,ovr,0.1,rbf,0.7290793151642208
601,2.0,1.0,ovo,0.1,rbf,0.7290793151642208
602,2.0,3.0,ovr,0.1,rbf,0.7290793151642208
603,2.0,3.0,ovo,0.1,rbf,0.7290793151642208
604,2.0,0.0,ovo,0.1,rbf,0.7290793151642208
605,2.0,2.0,ovr,0.1,rbf,0.7290793151642208
606,2.0,2.0,ovo,0.1,rbf,0.7290793151642208
607,2.0,1.0,ovr,0.1,rbf,0.7290793151642208
608,5.0,3.0,ovr,0.01,poly,0.7289046121593291
609,5.0,3.0,ovo,0.01,poly,0.7289046121593291
610,3.0,0.0,ovr,0.01,sigmoid,0.7288172606568832
611,5.0,1.0,ovr,0.01,sigmoid,0.7288172606568832
612,3.0,0.0,ovo,0.01,sigmoid,0.7288172606568832
613,5.0,1.0,ovo,0.01,sigmoid,0.7288172606568832
614,7.0,0.0,ovo,0.01,sigmoid,0.7287735849056604
615,1.0,0.0,ovr,0.01,sigmoid,0.7287735849056604
616,1.0,0.0,ovo,0.01,sigmoid,0.7287735849056604
617,7.0,0.0,ovr,0.01,sigmoid,0.7287735849056604
618,5.0,2.0,ovr,0.01,rbf,0.7266334730957372
619,5.0,3.0,ovr,0.01,rbf,0.7266334730957372
620,5.0,1.0,ovo,0.01,rbf,0.7266334730957372
621,5.0,3.0,ovo,0.01,rbf,0.7266334730957372
622,5.0,1.0,ovr,0.01,rbf,0.7266334730957372
623,5.0,2.0,ovo,0.01,rbf,0.7266334730957372
624,5.0,0.0,ovo,0.01,rbf,0.7266334730957372
625,5.0,0.0,ovr,0.01,rbf,0.7266334730957372
626,6.0,1.0,ovo,0.01,sigmoid,0.7264587700908456
627,6.0,1.0,ovr,0.01,sigmoid,0.7264587700908456
628,1.0,1.0,ovr,0.01,poly,0.7241439552760307
629,1.0,1.0,ovo,0.01,poly,0.7241439552760307
630,8.0,0.0,ovr,0.001,sigmoid,0.7241002795248077
631,8.0,0.0,ovo,0.001,sigmoid,0.7241002795248077
632,1.0,2.0,ovo,0.01,poly,0.7219164919636618
633,1.0,2.0,ovr,0.01,poly,0.7219164919636618
634,2.0,1.0,ovr,0.01,poly,0.7219164919636618
635,2.0,1.0,ovo,0.01,poly,0.7219164919636618
636,2.0,2.0,ovr,0.01,rbf,0.7217417889587701
637,4.0,0.0,ovr,0.001,rbf,0.7217417889587701
638,2.0,0.0,ovo,0.01,rbf,0.7217417889587701
639,2.0,2.0,ovo,0.01,rbf,0.7217417889587701
640,2.0,1.0,ovr,0.01,rbf,0.7217417889587701
641,4.0,3.0,ovr,0.001,rbf,0.7217417889587701
642,4.0,3.0,ovo,0.001,rbf,0.7217417889587701
643,4.0,1.0,ovr,0.001,rbf,0.7217417889587701
644,4.0,2.0,ovo,0.001,rbf,0.7217417889587701
645,2.0,1.0,ovr,0.01,sigmoid,0.7217417889587701
646,4.0,0.0,ovo,0.001,rbf,0.7217417889587701
647,2.0,3.0,ovr,0.01,rbf,0.7217417889587701
648,4.0,1.0,ovo,0.001,rbf,0.7217417889587701
649,2.0,0.0,ovr,0.01,rbf,0.7217417889587701
650,2.0,1.0,ovo,0.01,sigmoid,0.7217417889587701
651,2.0,3.0,ovo,0.01,rbf,0.7217417889587701
652,2.0,1.0,ovo,0.01,rbf,0.7217417889587701
653,4.0,2.0,ovr,0.001,rbf,0.7217417889587701
654,1.0,1.0,ovr,0.1,rbf,0.7196890286512928
655,1.0,1.0,ovo,0.1,rbf,0.7196890286512928
656,1.0,2.0,ovr,0.1,rbf,0.7196890286512928
657,1.0,3.0,ovr,0.1,rbf,0.7196890286512928
658,1.0,3.0,ovo,0.1,rbf,0.7196890286512928
659,1.0,2.0,ovo,0.1,rbf,0.7196890286512928
660,1.0,0.0,ovo,0.1,rbf,0.7196890286512928
661,1.0,0.0,ovr,0.1,rbf,0.7196890286512928
662,4.0,2.0,ovr,0.01,rbf,0.719558001397624
663,4.0,2.0,ovo,0.01,rbf,0.719558001397624
664,4.0,1.0,ovo,0.01,rbf,0.719558001397624
665,4.0,0.0,ovo,0.01,rbf,0.719558001397624
666,4.0,0.0,ovr,0.01,rbf,0.719558001397624
667,4.0,3.0,ovr,0.01,rbf,0.719558001397624
668,4.0,1.0,ovr,0.01,rbf,0.719558001397624
669,4.0,3.0,ovo,0.01,rbf,0.719558001397624
670,7.0,0.0,ovo,0.001,sigmoid,0.7171558350803633
671,7.0,0.0,ovr,0.001,sigmoid,0.7171558350803633
672,3.0,2.0,ovo,0.01,rbf,0.7125262054507338
673,3.0,1.0,ovr,0.01,rbf,0.7125262054507338
674,3.0,0.0,ovr,0.01,rbf,0.7125262054507338
675,3.0,2.0,ovr,0.01,rbf,0.7125262054507338
676,3.0,0.0,ovo,0.01,rbf,0.7125262054507338
677,3.0,3.0,ovo,0.01,rbf,0.7125262054507338
678,3.0,3.0,ovr,0.01,rbf,0.7125262054507338
679,3.0,1.0,ovo,0.01,rbf,0.7125262054507338
680,3.0,3.0,ovo,0.001,rbf,0.710167714884696
681,3.0,1.0,ovr,0.001,rbf,0.710167714884696
682,3.0,3.0,ovr,0.001,rbf,0.710167714884696
683,3.0,1.0,ovo,0.001,rbf,0.710167714884696
684,6.0,0.0,ovr,0.001,sigmoid,0.710167714884696
685,3.0,0.0,ovo,0.001,rbf,0.710167714884696
686,5.0,0.0,ovo,0.001,sigmoid,0.710167714884696
687,2.0,1.0,ovo,0.001,poly,0.710167714884696
688,2.0,1.0,ovr,0.001,poly,0.710167714884696
689,6.0,0.0,ovo,0.001,sigmoid,0.710167714884696
690,5.0,0.0,ovr,0.001,sigmoid,0.710167714884696
691,3.0,0.0,ovr,0.001,rbf,0.710167714884696
692,3.0,2.0,ovr,0.001,rbf,0.710167714884696
693,3.0,2.0,ovo,0.001,rbf,0.710167714884696
694,2.0,0.0,ovo,0.1,poly,0.7057127882599581
695,2.0,0.0,ovr,0.1,poly,0.7057127882599581
696,1.0,1.0,ovo,0.1,poly,0.7033542976939203
697,1.0,1.0,ovr,0.1,poly,0.7033542976939203
698,3.0,0.0,ovo,0.1,poly,0.6962351502445843
699,3.0,0.0,ovr,0.1,poly,0.6962351502445843
700,6.0,0.0,ovr,0.1,poly,0.6916491963661775
701,6.0,0.0,ovo,0.1,poly,0.6916491963661775
702,8.0,2.0,ovr,0.01,sigmoid,0.6916055206149546
703,5.0,0.0,ovo,0.1,poly,0.6916055206149546
704,8.0,2.0,ovo,0.01,sigmoid,0.6916055206149546
705,5.0,0.0,ovr,0.1,poly,0.6916055206149546
706,4.0,0.0,ovo,0.1,poly,0.6892470300489169
707,4.0,0.0,ovr,0.1,poly,0.6892470300489169
708,1.0,3.0,ovr,0.1,poly,0.6868448637316562
709,1.0,3.0,ovo,0.1,poly,0.6868448637316562
710,8.0,0.0,ovo,0.1,poly,0.6847047519217331
711,7.0,0.0,ovo,0.1,poly,0.6847047519217331
712,7.0,0.0,ovr,0.1,poly,0.6847047519217331
713,8.0,0.0,ovr,0.1,poly,0.6847047519217331
714,1.0,2.0,ovo,0.1,poly,0.6821715583508037
715,1.0,2.0,ovr,0.1,poly,0.6821715583508037
716,3.0,3.0,ovo,0.1,poly,0.6776729559748427
717,3.0,3.0,ovr,0.1,poly,0.6776729559748427
718,3.0,1.0,ovr,0.1,poly,0.675314465408805
719,3.0,1.0,ovo,0.1,poly,0.675314465408805
720,2.0,1.0,ovo,0.1,poly,0.6752271139063593
721,2.0,1.0,ovr,0.1,poly,0.6752271139063593
722,2.0,2.0,ovr,0.1,poly,0.6751834381551363
723,2.0,2.0,ovo,0.1,poly,0.6751834381551363
724,4.0,3.0,ovr,0.1,poly,0.6730870020964361
725,4.0,3.0,ovo,0.1,poly,0.6730870020964361
726,5.0,1.0,ovr,0.1,poly,0.6729996505939901
727,5.0,1.0,ovo,0.1,poly,0.6729996505939901
728,4.0,1.0,ovo,0.1,poly,0.6729996505939901
729,4.0,1.0,ovr,0.1,poly,0.6729996505939901
730,6.0,1.0,ovr,0.1,poly,0.6706848357791755
731,6.0,1.0,ovo,0.1,poly,0.6706848357791755
732,7.0,2.0,ovo,0.01,sigmoid,0.6706411600279525
733,7.0,2.0,ovr,0.01,sigmoid,0.6706411600279525
734,4.0,0.0,ovo,0.001,sigmoid,0.6705974842767296
735,4.0,0.0,ovr,0.001,sigmoid,0.6705974842767296
736,3.0,2.0,ovo,0.1,poly,0.6705538085255066
737,3.0,2.0,ovr,0.1,poly,0.6705538085255066
738,2.0,3.0,ovo,0.1,poly,0.6705101327742837
739,2.0,3.0,ovr,0.1,poly,0.6705101327742837
740,2.0,0.0,ovr,1.0,poly,0.668675751222921
741,2.0,0.0,ovo,1.0,poly,0.668675751222921
742,5.0,3.0,ovo,0.1,poly,0.6684136967155835
743,5.0,3.0,ovr,0.1,poly,0.6684136967155835
744,5.0,1.0,ovr,1.0,poly,0.6663609364081062
745,4.0,1.0,ovr,1.0,poly,0.6663609364081062
746,6.0,1.0,ovr,1.0,poly,0.6663609364081062
747,6.0,1.0,ovo,1.0,poly,0.6663609364081062
748,5.0,1.0,ovo,1.0,poly,0.6663609364081062
749,4.0,1.0,ovo,1.0,poly,0.6663609364081062
750,7.0,1.0,ovo,1.0,poly,0.6663172606568833
751,7.0,1.0,ovr,1.0,poly,0.6663172606568833
752,2.0,2.0,ovr,0.001,rbf,0.6658805031446542
753,2.0,0.0,ovr,0.001,rbf,0.6658805031446542
754,2.0,3.0,ovr,0.001,rbf,0.6658805031446542
755,2.0,3.0,ovo,0.001,rbf,0.6658805031446542
756,2.0,1.0,ovr,0.001,rbf,0.6658805031446542
757,2.0,1.0,ovo,0.001,rbf,0.6658805031446542
758,2.0,2.0,ovo,0.001,rbf,0.6658805031446542
759,2.0,0.0,ovo,0.001,rbf,0.6658805031446542
760,1.0,0.0,ovr,1.0,poly,0.6640461215932913
761,8.0,0.0,ovr,0.5,poly,0.6640461215932913
762,1.0,0.0,ovo,1.0,poly,0.6640461215932913
763,8.0,0.0,ovo,0.5,poly,0.6640461215932913
764,8.0,1.0,ovo,1.0,poly,0.6639150943396226
765,8.0,1.0,ovr,1.0,poly,0.6639150943396226
766,5.0,2.0,ovo,0.1,poly,0.6636967155835081
767,5.0,2.0,ovr,0.1,poly,0.6636967155835081
768,7.0,1.0,ovr,0.1,poly,0.6636530398322851
769,7.0,1.0,ovo,0.1,poly,0.6636530398322851
770,4.0,2.0,ovr,0.1,poly,0.6636093640810621
771,4.0,2.0,ovo,0.1,poly,0.6636093640810621
772,3.0,0.0,ovr,1.0,poly,0.6616439552760307
773,3.0,0.0,ovo,1.0,poly,0.6616439552760307
774,4.0,0.0,ovo,1.0,poly,0.6616439552760307
775,4.0,0.0,ovr,1.0,poly,0.6616439552760307
776,5.0,0.0,ovr,1.0,poly,0.6616002795248078
777,5.0,0.0,ovo,1.0,poly,0.6616002795248078
778,1.0,0.0,ovr,3.0,poly,0.6615566037735849
779,7.0,0.0,ovr,1.0,poly,0.6615566037735849
780,1.0,2.0,ovr,3.0,poly,0.6615566037735849
781,1.0,0.0,ovo,3.0,poly,0.6615566037735849
782,1.0,2.0,ovo,3.0,poly,0.6615566037735849
783,7.0,0.0,ovo,1.0,poly,0.6615566037735849
784,6.0,3.0,ovr,0.1,poly,0.6613819007686932
785,6.0,3.0,ovo,0.1,poly,0.6613819007686932
786,1.0,1.0,ovr,0.01,sigmoid,0.6612508735150244
787,6.0,2.0,ovr,0.01,sigmoid,0.6612508735150244
788,6.0,2.0,ovo,0.01,sigmoid,0.6612508735150244
789,1.0,1.0,ovo,0.01,sigmoid,0.6612508735150244
790,3.0,1.0,ovo,1.0,poly,0.6593728162124388
791,3.0,1.0,ovr,1.0,poly,0.6593728162124388
792,2.0,1.0,ovr,1.0,poly,0.6593728162124388
793,2.0,1.0,ovo,1.0,poly,0.6593728162124388
794,6.0,0.0,ovr,1.0,poly,0.6592417889587701
795,6.0,0.0,ovo,1.0,poly,0.6592417889587701
796,7.0,2.0,ovr,0.1,poly,0.6591981132075472
797,7.0,2.0,ovo,0.1,poly,0.6591981132075472
798,8.0,2.0,ovr,0.1,poly,0.6591544374563243
799,8.0,2.0,ovo,0.1,poly,0.6591544374563243
800,6.0,2.0,ovo,0.1,poly,0.6591544374563242
801,6.0,2.0,ovr,0.1,poly,0.6591544374563242
802,1.0,0.0,ovr,0.5,poly,0.6590670859538783
803,7.0,3.0,ovr,0.1,poly,0.6590670859538783
804,7.0,3.0,ovo,0.1,poly,0.6590670859538783
805,1.0,0.0,ovo,0.5,poly,0.6590670859538783
806,8.0,1.0,ovr,0.1,poly,0.6590234102026555
807,8.0,1.0,ovo,0.1,poly,0.6590234102026555
808,6.0,1.0,ovr,0.5,poly,0.6571016771488469
809,6.0,1.0,ovo,0.5,poly,0.6571016771488469
810,6.0,0.0,ovr,0.5,poly,0.657058001397624
811,6.0,0.0,ovo,0.5,poly,0.657058001397624
812,7.0,0.0,ovo,0.5,poly,0.657058001397624
813,7.0,0.0,ovr,0.5,poly,0.657058001397624
814,1.0,3.0,ovr,1.0,poly,0.6569706498951782
815,1.0,3.0,ovo,1.0,poly,0.6569706498951782
816,1.0,1.0,ovr,3.0,poly,0.6569269741439552
817,1.0,1.0,ovo,3.0,poly,0.6569269741439552
818,1.0,3.0,ovo,3.0,poly,0.6568396226415094
819,1.0,3.0,ovr,3.0,poly,0.6568396226415094
820,2.0,0.0,ovr,3.0,poly,0.6567959468902864
821,2.0,0.0,ovo,3.0,poly,0.6567959468902864
822,1.0,1.0,ovo,1.0,poly,0.6546995108315863
823,1.0,1.0,ovr,1.0,poly,0.6546995108315863
824,6.0,2.0,ovr,0.5,poly,0.6546558350803633
825,6.0,2.0,ovo,0.5,poly,0.6546558350803633
826,8.0,0.0,ovr,1.0,poly,0.6545248078266946
827,8.0,0.0,ovo,1.0,poly,0.6545248078266946
828,2.0,2.0,ovo,3.0,poly,0.6545248078266945
829,2.0,2.0,ovr,3.0,poly,0.6545248078266945
830,8.0,0.0,ovr,3.0,poly,0.6544811320754716
831,4.0,3.0,ovo,3.0,poly,0.6544811320754716
832,5.0,0.0,ovr,3.0,poly,0.6544811320754716
833,6.0,0.0,ovo,3.0,poly,0.6544811320754716
834,7.0,0.0,ovo,3.0,poly,0.6544811320754716
835,8.0,3.0,ovo,3.0,poly,0.6544811320754716
836,3.0,3.0,ovr,3.0,poly,0.6544811320754716
837,7.0,3.0,ovr,3.0,poly,0.6544811320754716
838,5.0,3.0,ovo,3.0,poly,0.6544811320754716
839,7.0,3.0,ovo,3.0,poly,0.6544811320754716
840,6.0,3.0,ovr,3.0,poly,0.6544811320754716
841,3.0,3.0,ovo,3.0,poly,0.6544811320754716
842,7.0,0.0,ovr,3.0,poly,0.6544811320754716
843,5.0,3.0,ovr,3.0,poly,0.6544811320754716
844,2.0,3.0,ovr,3.0,poly,0.6544811320754716
845,6.0,3.0,ovo,3.0,poly,0.6544811320754716
846,8.0,3.0,ovr,3.0,poly,0.6544811320754716
847,6.0,0.0,ovr,3.0,poly,0.6544811320754716
848,4.0,3.0,ovr,3.0,poly,0.6544811320754716
849,4.0,0.0,ovr,3.0,poly,0.6544811320754716
850,3.0,0.0,ovr,3.0,poly,0.6544811320754716
851,3.0,0.0,ovo,3.0,poly,0.6544811320754716
852,5.0,0.0,ovo,3.0,poly,0.6544811320754716
853,2.0,3.0,ovo,3.0,poly,0.6544811320754716
854,4.0,0.0,ovo,3.0,poly,0.6544811320754716
855,8.0,0.0,ovo,3.0,poly,0.6544811320754716
856,8.0,1.0,ovo,0.001,sigmoid,0.6541317260656883
857,8.0,1.0,ovr,0.001,sigmoid,0.6541317260656883
858,5.0,0.0,ovo,0.5,poly,0.6523846960167715
859,5.0,0.0,ovr,0.5,poly,0.6523846960167715
860,7.0,2.0,ovo,0.5,poly,0.6523410202655485
861,7.0,2.0,ovr,0.5,poly,0.6523410202655485
862,8.0,1.0,ovr,0.5,poly,0.6522973445143256
863,8.0,1.0,ovo,0.5,poly,0.6522973445143256
864,1.0,2.0,ovr,1.0,poly,0.6522973445143256
865,2.0,3.0,ovo,1.0,poly,0.6522973445143256
866,1.0,2.0,ovo,1.0,poly,0.6522973445143256
867,2.0,3.0,ovr,1.0,poly,0.6522973445143256
868,1.0,2.0,ovo,0.5,rbf,0.6519479385045422
869,1.0,0.0,ovo,0.5,rbf,0.6519479385045422
870,1.0,1.0,ovr,0.5,rbf,0.6519479385045422
871,1.0,1.0,ovo,0.5,rbf,0.6519479385045422
872,1.0,3.0,ovo,0.5,rbf,0.6519479385045422
873,1.0,3.0,ovr,0.5,rbf,0.6519479385045422
874,1.0,0.0,ovr,0.5,rbf,0.6519479385045422
875,1.0,2.0,ovr,0.5,rbf,0.6519479385045422
876,7.0,1.0,ovo,0.5,rbf,0.6519042627533194
877,2.0,3.0,ovo,0.5,rbf,0.6519042627533194
878,5.0,0.0,ovr,0.5,rbf,0.6519042627533194
879,4.0,0.0,ovr,0.5,rbf,0.6519042627533194
880,6.0,0.0,ovr,0.5,rbf,0.6519042627533194
881,3.0,0.0,ovr,0.5,rbf,0.6519042627533194
882,6.0,3.0,ovo,0.5,rbf,0.6519042627533194
883,3.0,1.0,ovo,0.5,rbf,0.6519042627533194
884,7.0,0.0,ovr,0.5,rbf,0.6519042627533194
885,2.0,1.0,ovr,0.5,rbf,0.6519042627533194
886,5.0,3.0,ovo,0.5,rbf,0.6519042627533194
887,8.0,1.0,ovo,0.5,rbf,0.6519042627533194
888,3.0,1.0,ovr,0.5,rbf,0.6519042627533194
889,2.0,2.0,ovo,0.5,rbf,0.6519042627533194
890,6.0,0.0,ovo,0.5,rbf,0.6519042627533194
891,6.0,1.0,ovo,0.5,rbf,0.6519042627533194
892,3.0,2.0,ovo,0.5,rbf,0.6519042627533194
893,3.0,3.0,ovr,0.5,rbf,0.6519042627533194
894,2.0,2.0,ovr,0.5,rbf,0.6519042627533194
895,3.0,2.0,ovr,0.5,rbf,0.6519042627533194
896,7.0,1.0,ovr,0.5,rbf,0.6519042627533194
897,8.0,3.0,ovo,0.5,rbf,0.6519042627533194
898,6.0,1.0,ovr,0.5,rbf,0.6519042627533194
899,8.0,0.0,ovr,0.5,rbf,0.6519042627533194
900,3.0,3.0,ovo,0.5,rbf,0.6519042627533194
901,6.0,2.0,ovr,0.5,rbf,0.6519042627533194
902,8.0,2.0,ovo,0.5,rbf,0.6519042627533194
903,5.0,3.0,ovr,0.5,rbf,0.6519042627533194
904,4.0,0.0,ovo,0.5,rbf,0.6519042627533194
905,8.0,0.0,ovo,0.5,rbf,0.6519042627533194
906,3.0,0.0,ovo,0.5,rbf,0.6519042627533194
907,6.0,2.0,ovo,0.5,rbf,0.6519042627533194
908,6.0,3.0,ovr,0.5,rbf,0.6519042627533194
909,7.0,2.0,ovr,0.5,rbf,0.6519042627533194
910,8.0,2.0,ovr,0.5,rbf,0.6519042627533194
911,7.0,3.0,ovr,0.5,rbf,0.6519042627533194
912,5.0,2.0,ovo,0.5,rbf,0.6519042627533194
913,4.0,2.0,ovo,0.5,rbf,0.6519042627533194
914,5.0,0.0,ovo,0.5,rbf,0.6519042627533194
915,4.0,2.0,ovr,0.5,rbf,0.6519042627533194
916,4.0,1.0,ovr,0.5,rbf,0.6519042627533194
917,8.0,1.0,ovr,0.5,rbf,0.6519042627533194
918,2.0,3.0,ovr,0.5,rbf,0.6519042627533194
919,2.0,0.0,ovo,0.5,rbf,0.6519042627533194
920,4.0,3.0,ovr,0.5,rbf,0.6519042627533194
921,4.0,3.0,ovo,0.5,rbf,0.6519042627533194
922,7.0,2.0,ovo,0.5,rbf,0.6519042627533194
923,5.0,1.0,ovr,0.5,rbf,0.6519042627533194
924,2.0,0.0,ovr,0.5,rbf,0.6519042627533194
925,7.0,3.0,ovo,0.5,rbf,0.6519042627533194
926,5.0,1.0,ovo,0.5,rbf,0.6519042627533194
927,2.0,1.0,ovo,0.5,rbf,0.6519042627533194
928,7.0,0.0,ovo,0.5,rbf,0.6519042627533194
929,8.0,3.0,ovr,0.5,rbf,0.6519042627533194
930,4.0,1.0,ovo,0.5,rbf,0.6519042627533194
931,5.0,2.0,ovr,0.5,rbf,0.6519042627533194
932,7.0,1.0,ovo,0.5,poly,0.6500262054507338
933,5.0,1.0,ovo,0.5,poly,0.6500262054507338
934,7.0,1.0,ovr,0.5,poly,0.6500262054507338
935,5.0,1.0,ovr,0.5,poly,0.6500262054507338
936,3.0,3.0,ovo,1.0,poly,0.6499825296995108
937,4.0,0.0,ovr,0.5,poly,0.6499825296995108
938,4.0,2.0,ovr,0.5,poly,0.6499825296995108
939,4.0,0.0,ovo,0.5,poly,0.6499825296995108
940,3.0,3.0,ovo,0.5,poly,0.6499825296995108
941,4.0,1.0,ovr,0.5,poly,0.6499825296995108
942,3.0,3.0,ovr,0.5,poly,0.6499825296995108
943,4.0,1.0,ovo,0.5,poly,0.6499825296995108
944,3.0,3.0,ovr,1.0,poly,0.6499825296995108
945,4.0,2.0,ovo,0.5,poly,0.6499825296995108
946,2.0,1.0,ovo,3.0,poly,0.649851502445842
947,2.0,1.0,ovr,3.0,poly,0.649851502445842
948,4.0,2.0,ovr,3.0,poly,0.6498078266946191
949,7.0,2.0,ovr,3.0,poly,0.6498078266946191
950,5.0,2.0,ovr,3.0,poly,0.6498078266946191
951,3.0,2.0,ovo,3.0,poly,0.6498078266946191
952,6.0,2.0,ovr,3.0,poly,0.6498078266946191
953,3.0,2.0,ovr,3.0,poly,0.6498078266946191
954,4.0,2.0,ovo,3.0,poly,0.6498078266946191
955,5.0,2.0,ovo,3.0,poly,0.6498078266946191
956,8.0,2.0,ovr,3.0,poly,0.6498078266946191
957,6.0,2.0,ovo,3.0,poly,0.6498078266946191
958,8.0,2.0,ovo,3.0,poly,0.6498078266946191
959,7.0,2.0,ovo,3.0,poly,0.6498078266946191
960,2.0,2.0,ovr,0.5,poly,0.6476240391334731
961,2.0,2.0,ovr,1.0,poly,0.6476240391334731
962,2.0,2.0,ovo,1.0,poly,0.6476240391334731
963,5.0,2.0,ovr,0.5,poly,0.6476240391334731
964,5.0,2.0,ovo,1.0,poly,0.6476240391334731
965,5.0,2.0,ovr,1.0,poly,0.6476240391334731
966,2.0,2.0,ovo,0.5,poly,0.6476240391334731
967,5.0,2.0,ovo,0.5,poly,0.6476240391334731
968,7.0,1.0,ovr,3.0,poly,0.6475366876310271
969,4.0,1.0,ovr,3.0,poly,0.6475366876310271
970,3.0,1.0,ovo,3.0,poly,0.6475366876310271
971,3.0,1.0,ovr,3.0,poly,0.6475366876310271
972,6.0,1.0,ovr,3.0,poly,0.6475366876310271
973,6.0,1.0,ovo,3.0,poly,0.6475366876310271
974,4.0,1.0,ovo,3.0,poly,0.6475366876310271
975,8.0,1.0,ovo,3.0,poly,0.6475366876310271
976,5.0,1.0,ovr,3.0,poly,0.6475366876310271
977,5.0,1.0,ovo,3.0,poly,0.6475366876310271
978,8.0,1.0,ovr,3.0,poly,0.6475366876310271
979,7.0,1.0,ovo,3.0,poly,0.6475366876310271
980,5.0,2.0,ovo,0.01,sigmoid,0.647143605870021
981,5.0,2.0,ovr,0.01,sigmoid,0.647143605870021
982,4.0,2.0,ovo,1.0,poly,0.6453529000698812
983,4.0,3.0,ovr,0.5,poly,0.6453529000698812
984,4.0,3.0,ovo,0.5,poly,0.6453529000698812
985,4.0,3.0,ovr,1.0,poly,0.6453529000698812
986,2.0,3.0,ovo,0.5,poly,0.6453529000698812
987,3.0,2.0,ovo,0.5,poly,0.6453529000698812
988,3.0,2.0,ovo,1.0,poly,0.6453529000698812
989,2.0,3.0,ovr,0.5,poly,0.6453529000698812
990,4.0,3.0,ovo,1.0,poly,0.6453529000698812
991,3.0,2.0,ovr,0.5,poly,0.6453529000698812
992,4.0,2.0,ovr,1.0,poly,0.6453529000698812
993,3.0,2.0,ovr,1.0,poly,0.6453529000698812
994,1.0,3.0,ovo,0.5,poly,0.6453092243186582
995,1.0,3.0,ovr,0.5,poly,0.6453092243186582
996,8.0,2.0,ovr,0.5,poly,0.6452655485674353
997,3.0,1.0,ovr,0.5,poly,0.6452655485674353
998,8.0,2.0,ovo,0.5,poly,0.6452655485674353
999,3.0,1.0,ovo,0.5,poly,0.6452655485674353
1000,8.0,3.0,ovr,0.1,poly,0.6450908455625437
1001,8.0,3.0,ovo,0.1,poly,0.6450908455625437
1002,2.0,3.0,ovo,1.0,rbf,0.644916142557652
1003,8.0,1.0,ovr,1.0,rbf,0.644916142557652
1004,7.0,0.0,ovo,1.0,rbf,0.644916142557652
1005,6.0,1.0,ovo,1.0,rbf,0.644916142557652
1006,2.0,2.0,ovr,1.0,rbf,0.644916142557652
1007,2.0,2.0,ovo,1.0,rbf,0.644916142557652
1008,8.0,2.0,ovo,1.0,rbf,0.644916142557652
1009,6.0,1.0,ovr,1.0,rbf,0.644916142557652
1010,2.0,1.0,ovr,1.0,rbf,0.644916142557652
1011,2.0,1.0,ovo,1.0,rbf,0.644916142557652
1012,2.0,0.0,ovr,1.0,rbf,0.644916142557652
1013,6.0,2.0,ovo,1.0,rbf,0.644916142557652
1014,2.0,0.0,ovo,1.0,rbf,0.644916142557652
1015,8.0,2.0,ovr,1.0,rbf,0.644916142557652
1016,6.0,2.0,ovr,1.0,rbf,0.644916142557652
1017,7.0,0.0,ovr,1.0,rbf,0.644916142557652
1018,6.0,3.0,ovr,1.0,rbf,0.644916142557652
1019,8.0,3.0,ovo,1.0,rbf,0.644916142557652
1020,3.0,3.0,ovo,1.0,rbf,0.644916142557652
1021,5.0,3.0,ovo,1.0,rbf,0.644916142557652
1022,4.0,0.0,ovo,1.0,rbf,0.644916142557652
1023,8.0,0.0,ovo,1.0,rbf,0.644916142557652
1024,2.0,3.0,ovr,1.0,rbf,0.644916142557652
1025,4.0,0.0,ovr,1.0,rbf,0.644916142557652
1026,5.0,2.0,ovr,1.0,rbf,0.644916142557652
1027,4.0,1.0,ovo,1.0,rbf,0.644916142557652
1028,7.0,1.0,ovr,1.0,rbf,0.644916142557652
1029,4.0,1.0,ovr,1.0,rbf,0.644916142557652
1030,7.0,3.0,ovr,1.0,rbf,0.644916142557652
1031,5.0,2.0,ovo,1.0,rbf,0.644916142557652
1032,4.0,2.0,ovo,1.0,rbf,0.644916142557652
1033,4.0,2.0,ovr,1.0,rbf,0.644916142557652
1034,7.0,3.0,ovo,1.0,rbf,0.644916142557652
1035,8.0,3.0,ovr,1.0,rbf,0.644916142557652
1036,5.0,1.0,ovr,1.0,rbf,0.644916142557652
1037,4.0,3.0,ovo,1.0,rbf,0.644916142557652
1038,4.0,3.0,ovr,1.0,rbf,0.644916142557652
1039,7.0,2.0,ovo,1.0,rbf,0.644916142557652
1040,5.0,1.0,ovo,1.0,rbf,0.644916142557652
1041,7.0,2.0,ovr,1.0,rbf,0.644916142557652
1042,5.0,0.0,ovo,1.0,rbf,0.644916142557652
1043,5.0,0.0,ovr,1.0,rbf,0.644916142557652
1044,3.0,3.0,ovr,1.0,rbf,0.644916142557652
1045,3.0,2.0,ovr,1.0,rbf,0.644916142557652
1046,3.0,1.0,ovo,1.0,rbf,0.644916142557652
1047,8.0,1.0,ovo,1.0,rbf,0.644916142557652
1048,3.0,1.0,ovr,1.0,rbf,0.644916142557652
1049,6.0,0.0,ovo,1.0,rbf,0.644916142557652
1050,6.0,0.0,ovr,1.0,rbf,0.644916142557652
1051,5.0,3.0,ovr,1.0,rbf,0.644916142557652
1052,6.0,3.0,ovo,1.0,rbf,0.644916142557652
1053,7.0,1.0,ovo,1.0,rbf,0.644916142557652
1054,3.0,2.0,ovo,1.0,rbf,0.644916142557652
1055,3.0,0.0,ovr,1.0,rbf,0.644916142557652
1056,3.0,0.0,ovo,1.0,rbf,0.644916142557652
1057,8.0,0.0,ovr,1.0,rbf,0.644916142557652
1058,1.0,1.0,ovr,0.1,sigmoid,0.6447851153039832
1059,1.0,1.0,ovo,0.1,sigmoid,0.6447851153039832
1060,5.0,3.0,ovr,0.5,poly,0.6429944095038435
1061,5.0,3.0,ovo,0.5,poly,0.6429944095038435
1062,5.0,3.0,ovr,1.0,poly,0.6429507337526206
1063,5.0,3.0,ovo,1.0,poly,0.6429507337526206
1064,6.0,2.0,ovr,1.0,poly,0.6429070580013976
1065,6.0,2.0,ovo,1.0,poly,0.6429070580013976
1066,7.0,2.0,ovo,1.0,poly,0.6428633822501747
1067,7.0,2.0,ovr,1.0,poly,0.6428633822501747
1068,2.0,1.0,ovo,0.5,poly,0.6428197064989518
1069,2.0,1.0,ovr,0.5,poly,0.6428197064989518
1070,3.0,0.0,ovo,0.5,poly,0.6405485674353599
1071,3.0,0.0,ovr,0.5,poly,0.6405485674353599
1072,1.0,2.0,ovo,0.5,poly,0.6405048916841369
1073,1.0,2.0,ovr,0.5,poly,0.6405048916841369
1074,2.0,0.0,ovr,0.5,poly,0.640461215932914
1075,2.0,0.0,ovo,0.5,poly,0.640461215932914
1076,1.0,1.0,ovr,0.5,poly,0.640461215932914
1077,1.0,1.0,ovo,0.5,poly,0.640461215932914
1078,1.0,3.0,ovr,1.0,rbf,0.6401991614255765
1079,1.0,1.0,ovo,1.0,rbf,0.6401991614255765
1080,1.0,2.0,ovr,1.0,rbf,0.6401991614255765
1081,1.0,0.0,ovr,1.0,rbf,0.6401991614255765
1082,1.0,3.0,ovo,1.0,rbf,0.6401991614255765
1083,1.0,1.0,ovr,1.0,rbf,0.6401991614255765
1084,1.0,0.0,ovo,1.0,rbf,0.6401991614255765
1085,1.0,2.0,ovo,1.0,rbf,0.6401991614255765
1086,1.0,1.0,ovr,0.001,poly,0.6401118099231307
1087,1.0,1.0,ovo,0.001,poly,0.6401118099231307
1088,6.0,3.0,ovr,0.5,poly,0.638233752620545
1089,6.0,3.0,ovo,0.5,poly,0.638233752620545
1090,8.0,3.0,ovo,0.5,poly,0.6381900768693222
1091,8.0,3.0,ovr,0.5,poly,0.6381900768693222
1092,1.0,2.0,ovo,3.0,rbf,0.6378406708595388
1093,1.0,1.0,ovo,3.0,rbf,0.6378406708595388
1094,1.0,2.0,ovr,3.0,rbf,0.6378406708595388
1095,1.0,3.0,ovo,3.0,rbf,0.6378406708595388
1096,1.0,1.0,ovr,3.0,rbf,0.6378406708595388
1097,1.0,3.0,ovr,3.0,rbf,0.6378406708595388
1098,1.0,0.0,ovr,3.0,rbf,0.6378406708595388
1099,1.0,0.0,ovo,3.0,rbf,0.6378406708595388
1100,7.0,3.0,ovo,0.5,poly,0.6358752620545074
1101,7.0,3.0,ovr,0.5,poly,0.6358752620545074
1102,8.0,2.0,ovo,1.0,poly,0.6358315863032844
1103,8.0,2.0,ovr,1.0,poly,0.6358315863032844
1104,3.0,2.0,ovr,0.1,sigmoid,0.635525856044724
1105,3.0,2.0,ovo,0.1,sigmoid,0.635525856044724
1106,2.0,1.0,ovr,3.0,rbf,0.635482180293501
1107,3.0,0.0,ovr,3.0,rbf,0.635482180293501
1108,2.0,0.0,ovo,3.0,rbf,0.635482180293501
1109,2.0,0.0,ovr,3.0,rbf,0.635482180293501
1110,2.0,1.0,ovo,3.0,rbf,0.635482180293501
1111,3.0,3.0,ovr,3.0,rbf,0.635482180293501
1112,3.0,3.0,ovo,3.0,rbf,0.635482180293501
1113,2.0,2.0,ovo,3.0,rbf,0.635482180293501
1114,3.0,2.0,ovo,3.0,rbf,0.635482180293501
1115,3.0,1.0,ovr,3.0,rbf,0.635482180293501
1116,3.0,2.0,ovr,3.0,rbf,0.635482180293501
1117,3.0,1.0,ovo,3.0,rbf,0.635482180293501
1118,3.0,0.0,ovo,3.0,rbf,0.635482180293501
1119,2.0,2.0,ovr,3.0,rbf,0.635482180293501
1120,2.0,3.0,ovo,3.0,rbf,0.635482180293501
1121,2.0,3.0,ovr,3.0,rbf,0.635482180293501
1122,3.0,0.0,ovo,0.001,sigmoid,0.6354385045422781
1123,3.0,0.0,ovr,0.001,sigmoid,0.6354385045422781
1124,7.0,3.0,ovo,1.0,poly,0.6335167714884696
1125,6.0,3.0,ovr,1.0,poly,0.6335167714884696
1126,6.0,3.0,ovo,1.0,poly,0.6335167714884696
1127,8.0,3.0,ovo,1.0,poly,0.6335167714884696
1128,7.0,3.0,ovr,1.0,poly,0.6335167714884696
1129,8.0,3.0,ovr,1.0,poly,0.6335167714884696
1130,8.0,2.0,ovo,3.0,rbf,0.6331236897274632
1131,8.0,3.0,ovr,3.0,rbf,0.6331236897274632
1132,7.0,0.0,ovo,3.0,rbf,0.6331236897274632
1133,7.0,2.0,ovo,3.0,rbf,0.6331236897274632
1134,7.0,2.0,ovr,3.0,rbf,0.6331236897274632
1135,7.0,0.0,ovr,3.0,rbf,0.6331236897274632
1136,6.0,3.0,ovr,3.0,rbf,0.6331236897274632
1137,8.0,1.0,ovr,3.0,rbf,0.6331236897274632
1138,7.0,3.0,ovo,3.0,rbf,0.6331236897274632
1139,8.0,0.0,ovr,3.0,rbf,0.6331236897274632
1140,7.0,1.0,ovr,3.0,rbf,0.6331236897274632
1141,8.0,1.0,ovo,3.0,rbf,0.6331236897274632
1142,8.0,0.0,ovo,3.0,rbf,0.6331236897274632
1143,8.0,2.0,ovr,3.0,rbf,0.6331236897274632
1144,7.0,1.0,ovo,3.0,rbf,0.6331236897274632
1145,8.0,3.0,ovo,3.0,rbf,0.6331236897274632
1146,7.0,3.0,ovr,3.0,rbf,0.6331236897274632
1147,5.0,0.0,ovr,3.0,rbf,0.6331236897274632
1148,6.0,0.0,ovo,3.0,rbf,0.6331236897274632
1149,4.0,3.0,ovr,3.0,rbf,0.6331236897274632
1150,5.0,0.0,ovo,3.0,rbf,0.6331236897274632
1151,6.0,1.0,ovr,3.0,rbf,0.6331236897274632
1152,6.0,1.0,ovo,3.0,rbf,0.6331236897274632
1153,6.0,0.0,ovr,3.0,rbf,0.6331236897274632
1154,4.0,2.0,ovo,3.0,rbf,0.6331236897274632
1155,4.0,2.0,ovr,3.0,rbf,0.6331236897274632
1156,5.0,3.0,ovr,3.0,rbf,0.6331236897274632
1157,5.0,3.0,ovo,3.0,rbf,0.6331236897274632
1158,4.0,3.0,ovo,3.0,rbf,0.6331236897274632
1159,4.0,0.0,ovo,3.0,rbf,0.6331236897274632
1160,5.0,2.0,ovr,3.0,rbf,0.6331236897274632
1161,4.0,0.0,ovr,3.0,rbf,0.6331236897274632
1162,4.0,1.0,ovo,3.0,rbf,0.6331236897274632
1163,5.0,2.0,ovo,3.0,rbf,0.6331236897274632
1164,4.0,1.0,ovr,3.0,rbf,0.6331236897274632
1165,5.0,1.0,ovr,3.0,rbf,0.6331236897274632
1166,6.0,2.0,ovo,3.0,rbf,0.6331236897274632
1167,5.0,1.0,ovo,3.0,rbf,0.6331236897274632
1168,6.0,2.0,ovr,3.0,rbf,0.6331236897274632
1169,6.0,3.0,ovo,3.0,rbf,0.6331236897274632
1170,4.0,2.0,ovo,0.1,sigmoid,0.6286687631027253
1171,4.0,2.0,ovr,0.1,sigmoid,0.6286687631027253
1172,7.0,1.0,ovo,0.001,sigmoid,0.6238644304682041
1173,2.0,1.0,ovo,0.1,sigmoid,0.6238644304682041
1174,2.0,1.0,ovr,0.1,sigmoid,0.6238644304682041
1175,7.0,1.0,ovr,0.001,sigmoid,0.6238644304682041
1176,7.0,1.0,ovo,0.1,sigmoid,0.623864430468204
1177,7.0,1.0,ovr,0.1,sigmoid,0.623864430468204
1178,1.0,2.0,ovr,0.1,sigmoid,0.6215932914046122
1179,1.0,2.0,ovo,0.1,sigmoid,0.6215932914046122
1180,3.0,1.0,ovo,0.1,sigmoid,0.6213312368972745
1181,3.0,1.0,ovr,0.1,sigmoid,0.6213312368972745
1182,5.0,3.0,ovr,0.1,sigmoid,0.6193221523410203
1183,5.0,3.0,ovo,0.1,sigmoid,0.6193221523410203
1184,6.0,1.0,ovr,0.1,sigmoid,0.6191911250873514
1185,6.0,1.0,ovo,0.1,sigmoid,0.6191911250873514
1186,8.0,3.0,ovr,0.1,sigmoid,0.6170946890286513
1187,8.0,3.0,ovo,0.1,sigmoid,0.6170946890286513
1188,4.0,1.0,ovo,0.1,sigmoid,0.6166579315164221
1189,4.0,1.0,ovr,0.1,sigmoid,0.6166579315164221
1190,6.0,3.0,ovr,0.1,sigmoid,0.6146051712089448
1191,6.0,3.0,ovo,0.1,sigmoid,0.6146051712089448
1192,2.0,2.0,ovr,0.1,sigmoid,0.614517819706499
1193,2.0,2.0,ovo,0.1,sigmoid,0.614517819706499
1194,8.0,0.0,ovr,0.01,poly,0.6143867924528301
1195,8.0,0.0,ovo,0.01,poly,0.6143867924528301
1196,1.0,0.0,ovr,0.1,sigmoid,0.6143431167016074
1197,1.0,0.0,ovo,0.1,sigmoid,0.6143431167016074
1198,6.0,1.0,ovo,0.001,sigmoid,0.6122030048916842
1199,6.0,1.0,ovr,0.001,sigmoid,0.6122030048916842
1200,6.0,2.0,ovr,0.1,sigmoid,0.6098008385744235
1201,6.0,2.0,ovo,0.1,sigmoid,0.6098008385744235
1202,3.0,0.0,ovr,0.01,poly,0.6097571628232006
1203,3.0,0.0,ovo,0.01,poly,0.6097571628232006
1204,7.0,0.0,ovo,0.01,poly,0.6097571628232006
1205,7.0,0.0,ovr,0.01,poly,0.6097571628232006
1206,4.0,2.0,ovr,0.01,sigmoid,0.6074860237596087
1207,4.0,2.0,ovo,0.01,sigmoid,0.6074860237596087
1208,6.0,0.0,ovo,0.01,poly,0.6074423480083857
1209,6.0,0.0,ovr,0.01,poly,0.6074423480083857
1210,4.0,0.0,ovr,0.01,poly,0.6074423480083857
1211,5.0,0.0,ovr,0.01,poly,0.6074423480083857
1212,4.0,0.0,ovo,0.01,poly,0.6074423480083857
1213,5.0,0.0,ovo,0.01,poly,0.6074423480083857
1214,7.0,3.0,ovo,0.1,sigmoid,0.6053022361984626
1215,7.0,3.0,ovr,0.1,sigmoid,0.6053022361984626
1216,4.0,3.0,ovr,0.1,sigmoid,0.6052585604472397
1217,4.0,3.0,ovo,0.1,sigmoid,0.6052585604472397
1218,2.0,0.0,ovo,0.1,sigmoid,0.6050401816911251
1219,2.0,0.0,ovr,0.1,sigmoid,0.6050401816911251
1220,8.0,1.0,ovr,0.1,sigmoid,0.6029000698812019
1221,8.0,1.0,ovo,0.1,sigmoid,0.6029000698812019
1222,5.0,1.0,ovr,0.1,sigmoid,0.6026816911250873
1223,5.0,1.0,ovo,0.1,sigmoid,0.6026816911250873
1224,3.0,0.0,ovr,0.1,sigmoid,0.6004105520614954
1225,3.0,0.0,ovo,0.1,sigmoid,0.6004105520614954
1226,4.0,0.0,ovr,0.1,sigmoid,0.6002358490566038
1227,4.0,0.0,ovo,0.1,sigmoid,0.6002358490566038
1228,5.0,2.0,ovo,0.1,sigmoid,0.5981830887491264
1229,5.0,2.0,ovr,0.1,sigmoid,0.5981830887491264
1230,6.0,0.0,ovr,0.1,sigmoid,0.5957809224318658
1231,6.0,0.0,ovo,0.1,sigmoid,0.5957809224318658
1232,3.0,3.0,ovr,0.1,sigmoid,0.5935534591194969
1233,3.0,3.0,ovo,0.1,sigmoid,0.5935534591194969
1234,2.0,0.0,ovo,0.01,poly,0.5935097833682739
1235,2.0,0.0,ovr,0.01,poly,0.5935097833682739
1236,7.0,2.0,ovr,0.1,sigmoid,0.5911949685534592
1237,7.0,2.0,ovo,0.1,sigmoid,0.5911949685534592
1238,5.0,1.0,ovr,0.001,sigmoid,0.5911512928022362
1239,5.0,1.0,ovo,0.001,sigmoid,0.5911512928022362
1240,2.0,0.0,ovr,0.001,sigmoid,0.5888364779874213
1241,2.0,0.0,ovo,0.001,sigmoid,0.5888364779874213
1242,1.0,0.0,ovo,0.01,poly,0.5864779874213836
1243,1.0,0.0,ovr,0.001,rbf,0.5864779874213836
1244,1.0,0.0,ovr,0.01,poly,0.5864779874213836
1245,3.0,2.0,ovr,0.01,sigmoid,0.5864779874213836
1246,1.0,2.0,ovo,0.001,rbf,0.5864779874213836
1247,1.0,3.0,ovo,0.001,rbf,0.5864779874213836
1248,1.0,3.0,ovr,0.001,rbf,0.5864779874213836
1249,1.0,1.0,ovr,0.001,rbf,0.5864779874213836
1250,1.0,1.0,ovo,0.001,rbf,0.5864779874213836
1251,3.0,2.0,ovo,0.01,sigmoid,0.5864779874213836
1252,1.0,2.0,ovr,0.001,rbf,0.5864779874213836
1253,1.0,0.0,ovo,0.001,rbf,0.5864779874213836
1254,8.0,3.0,ovo,0.01,sigmoid,0.5841194968553458
1255,8.0,3.0,ovo,0.001,sigmoid,0.5841194968553458
1256,4.0,3.0,ovo,0.01,sigmoid,0.5841194968553458
1257,7.0,3.0,ovr,0.001,sigmoid,0.5841194968553458
1258,7.0,3.0,ovr,0.01,sigmoid,0.5841194968553458
1259,1.0,3.0,ovr,0.01,sigmoid,0.5841194968553458
1260,4.0,3.0,ovr,0.01,sigmoid,0.5841194968553458
1261,4.0,2.0,ovr,0.001,sigmoid,0.5841194968553458
1262,1.0,3.0,ovr,0.001,sigmoid,0.5841194968553458
1263,4.0,3.0,ovo,0.001,sigmoid,0.5841194968553458
1264,1.0,3.0,ovr,0.1,sigmoid,0.5841194968553458
1265,4.0,3.0,ovr,0.001,sigmoid,0.5841194968553458
1266,7.0,3.0,ovo,0.01,sigmoid,0.5841194968553458
1267,4.0,1.0,ovr,0.001,sigmoid,0.5841194968553458
1268,2.0,0.0,ovo,0.001,poly,0.5841194968553458
1269,4.0,2.0,ovo,0.001,sigmoid,0.5841194968553458
1270,2.0,2.0,ovr,0.001,sigmoid,0.5841194968553458
1271,2.0,2.0,ovr,0.01,sigmoid,0.5841194968553458
1272,8.0,2.0,ovo,0.001,sigmoid,0.5841194968553458
1273,1.0,0.0,ovo,0.001,sigmoid,0.5841194968553458
1274,2.0,3.0,ovo,0.001,sigmoid,0.5841194968553458
1275,2.0,3.0,ovo,0.01,sigmoid,0.5841194968553458
1276,2.0,3.0,ovo,0.1,sigmoid,0.5841194968553458
1277,2.0,1.0,ovr,0.001,sigmoid,0.5841194968553458
1278,2.0,3.0,ovr,0.001,sigmoid,0.5841194968553458
1279,2.0,3.0,ovr,0.01,sigmoid,0.5841194968553458
1280,2.0,3.0,ovr,0.1,sigmoid,0.5841194968553458
1281,3.0,0.0,ovo,0.001,poly,0.5841194968553458
1282,8.0,2.0,ovr,0.001,sigmoid,0.5841194968553458
1283,3.0,0.0,ovr,0.001,poly,0.5841194968553458
1284,3.0,1.0,ovo,0.001,sigmoid,0.5841194968553458
1285,3.0,1.0,ovr,0.001,sigmoid,0.5841194968553458
1286,3.0,2.0,ovo,0.001,sigmoid,0.5841194968553458
1287,2.0,1.0,ovo,0.001,sigmoid,0.5841194968553458
1288,3.0,2.0,ovr,0.001,sigmoid,0.5841194968553458
1289,3.0,3.0,ovo,0.001,sigmoid,0.5841194968553458
1290,3.0,3.0,ovo,0.01,sigmoid,0.5841194968553458
1291,3.0,3.0,ovr,0.001,sigmoid,0.5841194968553458
1292,3.0,3.0,ovr,0.01,sigmoid,0.5841194968553458
1293,2.0,0.0,ovr,0.001,poly,0.5841194968553458
1294,4.0,0.0,ovo,0.001,poly,0.5841194968553458
1295,8.0,0.0,ovr,0.001,poly,0.5841194968553458
1296,4.0,0.0,ovr,0.001,poly,0.5841194968553458
1297,4.0,1.0,ovo,0.001,sigmoid,0.5841194968553458
1298,8.0,0.0,ovo,0.001,poly,0.5841194968553458
1299,2.0,2.0,ovo,0.001,sigmoid,0.5841194968553458
1300,2.0,2.0,ovo,0.01,sigmoid,0.5841194968553458
1301,7.0,3.0,ovo,0.001,sigmoid,0.5841194968553458
1302,8.0,3.0,ovr,0.001,sigmoid,0.5841194968553458
1303,5.0,3.0,ovo,0.01,sigmoid,0.5841194968553458
1304,6.0,3.0,ovr,0.001,sigmoid,0.5841194968553458
1305,5.0,3.0,ovo,0.001,sigmoid,0.5841194968553458
1306,6.0,2.0,ovo,0.001,sigmoid,0.5841194968553458
1307,1.0,2.0,ovo,0.001,sigmoid,0.5841194968553458
1308,1.0,3.0,ovo,0.01,sigmoid,0.5841194968553458
1309,7.0,0.0,ovr,0.001,poly,0.5841194968553458
1310,1.0,3.0,ovo,0.001,sigmoid,0.5841194968553458
1311,7.0,2.0,ovo,0.001,sigmoid,0.5841194968553458
1312,6.0,2.0,ovr,0.001,sigmoid,0.5841194968553458
1313,6.0,3.0,ovo,0.01,sigmoid,0.5841194968553458
1314,5.0,2.0,ovr,0.001,sigmoid,0.5841194968553458
1315,6.0,3.0,ovo,0.001,sigmoid,0.5841194968553458
1316,1.0,2.0,ovo,0.01,sigmoid,0.5841194968553458
1317,5.0,2.0,ovo,0.001,sigmoid,0.5841194968553458
1318,1.0,0.0,ovr,0.001,poly,0.5841194968553458
1319,7.0,2.0,ovr,0.001,sigmoid,0.5841194968553458
1320,1.0,2.0,ovr,0.01,sigmoid,0.5841194968553458
1321,1.0,2.0,ovr,0.001,sigmoid,0.5841194968553458
1322,1.0,1.0,ovr,0.001,sigmoid,0.5841194968553458
1323,1.0,0.0,ovo,0.001,poly,0.5841194968553458
1324,5.0,0.0,ovo,0.001,poly,0.5841194968553458
1325,6.0,0.0,ovr,0.001,poly,0.5841194968553458
1326,6.0,0.0,ovo,0.001,poly,0.5841194968553458
1327,1.0,3.0,ovo,0.1,sigmoid,0.5841194968553458
1328,1.0,1.0,ovo,0.001,sigmoid,0.5841194968553458
1329,7.0,0.0,ovo,0.001,poly,0.5841194968553458
1330,1.0,0.0,ovr,0.001,sigmoid,0.5841194968553458
1331,8.0,3.0,ovr,0.01,sigmoid,0.5841194968553458
1332,5.0,0.0,ovr,0.001,poly,0.5841194968553458
1333,5.0,3.0,ovr,0.01,sigmoid,0.5841194968553458
1334,5.0,3.0,ovr,0.001,sigmoid,0.5841194968553458
1335,6.0,3.0,ovr,0.01,sigmoid,0.5841194968553458
1336,8.0,2.0,ovo,0.1,sigmoid,0.5818046820405312
1337,8.0,2.0,ovr,0.1,sigmoid,0.5818046820405312
1338,8.0,1.0,ovr,3.0,sigmoid,0.5814989517819706
1339,7.0,1.0,ovo,3.0,sigmoid,0.5814989517819706
1340,7.0,1.0,ovr,3.0,sigmoid,0.5814989517819706
1341,8.0,1.0,ovo,3.0,sigmoid,0.5814989517819706
1342,2.0,1.0,ovo,3.0,sigmoid,0.5793151642208245
1343,2.0,1.0,ovr,3.0,sigmoid,0.5793151642208245
1344,5.0,1.0,ovo,3.0,sigmoid,0.5768256464011181
1345,5.0,1.0,ovr,3.0,sigmoid,0.5768256464011181
1346,2.0,1.0,ovo,0.5,sigmoid,0.5764325646401118
1347,2.0,1.0,ovr,0.5,sigmoid,0.5764325646401118
1348,3.0,1.0,ovr,3.0,sigmoid,0.5745981830887491
1349,3.0,1.0,ovo,3.0,sigmoid,0.5745981830887491
1350,1.0,1.0,ovr,3.0,sigmoid,0.5745981830887491
1351,5.0,0.0,ovo,0.1,sigmoid,0.5745981830887491
1352,1.0,1.0,ovo,3.0,sigmoid,0.5745981830887491
1353,5.0,0.0,ovr,0.1,sigmoid,0.5745981830887491
1354,6.0,1.0,ovo,3.0,sigmoid,0.5745545073375262
1355,6.0,1.0,ovr,3.0,sigmoid,0.5745545073375262
1356,7.0,0.0,ovo,0.1,sigmoid,0.5723270440251573
1357,7.0,0.0,ovr,0.1,sigmoid,0.5723270440251573
1358,6.0,0.0,ovr,1.0,sigmoid,0.5677410901467506
1359,6.0,0.0,ovo,1.0,sigmoid,0.5677410901467506
1360,8.0,0.0,ovo,0.1,sigmoid,0.5676537386443047
1361,8.0,0.0,ovr,0.1,sigmoid,0.5676537386443047
1362,4.0,1.0,ovo,3.0,sigmoid,0.5675227113906359
1363,4.0,1.0,ovr,3.0,sigmoid,0.5675227113906359
1364,3.0,2.0,ovr,3.0,sigmoid,0.565251572327044
1365,3.0,2.0,ovo,3.0,sigmoid,0.565251572327044
1366,1.0,0.0,ovr,0.5,sigmoid,0.5631114605171208
1367,1.0,0.0,ovo,0.5,sigmoid,0.5631114605171208
1368,6.0,2.0,ovr,3.0,sigmoid,0.5607092941998603
1369,6.0,2.0,ovo,3.0,sigmoid,0.5607092941998603
1370,5.0,0.0,ovr,0.5,sigmoid,0.5604909154437456
1371,5.0,0.0,ovo,0.5,sigmoid,0.5604909154437456
1372,8.0,0.0,ovo,1.0,sigmoid,0.5583944793850454
1373,8.0,0.0,ovr,1.0,sigmoid,0.5583944793850454
1374,1.0,1.0,ovr,0.5,sigmoid,0.5577830188679245
1375,5.0,1.0,ovr,0.5,sigmoid,0.5577830188679245
1376,5.0,1.0,ovo,0.5,sigmoid,0.5577830188679245
1377,1.0,1.0,ovo,0.5,sigmoid,0.5577830188679245
1378,5.0,0.0,ovr,1.0,sigmoid,0.5559486373165619
1379,5.0,0.0,ovo,1.0,sigmoid,0.5559486373165619
1380,3.0,0.0,ovo,1.0,sigmoid,0.5559486373165619
1381,3.0,0.0,ovr,1.0,sigmoid,0.5559486373165619
1382,1.0,1.0,ovo,1.0,sigmoid,0.55367749825297
1383,3.0,1.0,ovo,1.0,sigmoid,0.55367749825297
1384,1.0,1.0,ovr,1.0,sigmoid,0.55367749825297
1385,3.0,1.0,ovr,1.0,sigmoid,0.55367749825297
1386,4.0,1.0,ovo,0.5,sigmoid,0.5531970649895178
1387,4.0,1.0,ovr,0.5,sigmoid,0.5531970649895178
1388,1.0,2.0,ovr,3.0,sigmoid,0.5513626834381551
1389,1.0,2.0,ovo,3.0,sigmoid,0.5513626834381551
1390,3.0,0.0,ovr,0.5,sigmoid,0.5511879804332634
1391,3.0,0.0,ovo,0.5,sigmoid,0.5511879804332634
1392,4.0,0.0,ovo,0.5,sigmoid,0.5511443046820406
1393,4.0,0.0,ovr,0.5,sigmoid,0.5511443046820406
1394,1.0,0.0,ovr,1.0,sigmoid,0.5491788958770091
1395,1.0,0.0,ovo,1.0,sigmoid,0.5491788958770091
1396,7.0,0.0,ovo,1.0,sigmoid,0.5490478686233403
1397,7.0,0.0,ovr,1.0,sigmoid,0.5490478686233403
1398,8.0,0.0,ovr,0.5,sigmoid,0.5490041928721174
1399,8.0,0.0,ovo,0.5,sigmoid,0.5490041928721174
1400,1.0,3.0,ovo,3.0,sigmoid,0.5487421383647798
1401,1.0,3.0,ovr,3.0,sigmoid,0.5487421383647798
1402,4.0,0.0,ovr,1.0,sigmoid,0.5467767295597484
1403,4.0,0.0,ovo,1.0,sigmoid,0.5467767295597484
1404,2.0,1.0,ovr,1.0,sigmoid,0.5465146750524109
1405,2.0,1.0,ovo,1.0,sigmoid,0.5465146750524109
1406,2.0,0.0,ovr,1.0,sigmoid,0.546427323549965
1407,2.0,0.0,ovo,1.0,sigmoid,0.546427323549965
1408,7.0,1.0,ovr,1.0,sigmoid,0.5442872117400419
1409,7.0,1.0,ovo,1.0,sigmoid,0.5442872117400419
1410,4.0,1.0,ovo,1.0,sigmoid,0.5442435359888189
1411,6.0,0.0,ovo,0.5,sigmoid,0.5442435359888189
1412,6.0,0.0,ovr,0.5,sigmoid,0.5442435359888189
1413,4.0,1.0,ovr,1.0,sigmoid,0.5442435359888189
1414,2.0,0.0,ovr,0.5,sigmoid,0.5441998602375961
1415,2.0,0.0,ovo,0.5,sigmoid,0.5441998602375961
1416,8.0,1.0,ovr,1.0,sigmoid,0.5441998602375961
1417,8.0,1.0,ovo,1.0,sigmoid,0.5441998602375961
1418,1.0,0.0,ovo,3.0,sigmoid,0.541972396925227
1419,1.0,0.0,ovr,3.0,sigmoid,0.541972396925227
1420,2.0,2.0,ovo,3.0,sigmoid,0.5398322851153039
1421,2.0,2.0,ovr,3.0,sigmoid,0.5398322851153039
1422,7.0,0.0,ovo,0.5,sigmoid,0.5397012578616353
1423,7.0,0.0,ovr,0.5,sigmoid,0.5397012578616353
1424,8.0,2.0,ovr,3.0,sigmoid,0.5373864430468205
1425,7.0,2.0,ovr,3.0,sigmoid,0.5373864430468205
1426,7.0,2.0,ovo,3.0,sigmoid,0.5373864430468205
1427,8.0,2.0,ovo,3.0,sigmoid,0.5373864430468205
1428,6.0,1.0,ovr,1.0,sigmoid,0.5372117400419287
1429,6.0,1.0,ovo,1.0,sigmoid,0.5372117400419287
1430,1.0,2.0,ovo,0.5,sigmoid,0.5353336827393431
1431,1.0,2.0,ovr,0.5,sigmoid,0.5353336827393431
1432,2.0,0.0,ovo,3.0,sigmoid,0.5349406009783368
1433,2.0,0.0,ovr,3.0,sigmoid,0.5349406009783368
1434,5.0,1.0,ovo,1.0,sigmoid,0.5348969252271139
1435,5.0,1.0,ovr,1.0,sigmoid,0.5348969252271139
1436,3.0,1.0,ovo,0.5,sigmoid,0.5344601677148847
1437,3.0,1.0,ovr,0.5,sigmoid,0.5344601677148847
1438,7.0,1.0,ovr,0.5,sigmoid,0.5344164919636618
1439,7.0,1.0,ovo,0.5,sigmoid,0.5344164919636618
1440,5.0,2.0,ovr,3.0,sigmoid,0.5303983228511531
1441,5.0,2.0,ovo,3.0,sigmoid,0.5303983228511531
1442,4.0,0.0,ovo,3.0,sigmoid,0.5280835080363382
1443,4.0,0.0,ovr,3.0,sigmoid,0.5280835080363382
1444,2.0,3.0,ovo,3.0,sigmoid,0.5276904262753319
1445,2.0,3.0,ovr,3.0,sigmoid,0.5276904262753319
1446,6.0,1.0,ovr,0.5,sigmoid,0.5274283717679944
1447,6.0,1.0,ovo,0.5,sigmoid,0.5274283717679944
1448,4.0,2.0,ovo,3.0,sigmoid,0.5258123689727463
1449,5.0,0.0,ovr,3.0,sigmoid,0.5258123689727463
1450,4.0,2.0,ovr,3.0,sigmoid,0.5258123689727463
1451,5.0,0.0,ovo,3.0,sigmoid,0.5258123689727463
1452,6.0,0.0,ovr,3.0,sigmoid,0.5257686932215234
1453,6.0,0.0,ovo,3.0,sigmoid,0.5257686932215234
1454,8.0,3.0,ovo,3.0,sigmoid,0.5252882599580713
1455,8.0,3.0,ovr,3.0,sigmoid,0.5252882599580713
1456,6.0,3.0,ovr,1.0,sigmoid,0.5234102026554857
1457,6.0,3.0,ovo,1.0,sigmoid,0.5234102026554857
1458,3.0,0.0,ovo,3.0,sigmoid,0.5233665269042628
1459,3.0,0.0,ovr,3.0,sigmoid,0.5233665269042628
1460,5.0,2.0,ovo,0.5,sigmoid,0.5212700908455625
1461,5.0,2.0,ovr,0.5,sigmoid,0.5212700908455625
1462,8.0,3.0,ovo,1.0,sigmoid,0.5211390635918938
1463,7.0,3.0,ovr,1.0,sigmoid,0.5211390635918938
1464,7.0,3.0,ovo,1.0,sigmoid,0.5211390635918938
1465,8.0,3.0,ovr,1.0,sigmoid,0.5211390635918938
1466,3.0,3.0,ovo,3.0,sigmoid,0.5207459818308875
1467,5.0,3.0,ovr,3.0,sigmoid,0.5207459818308875
1468,3.0,3.0,ovr,3.0,sigmoid,0.5207459818308875
1469,5.0,3.0,ovo,3.0,sigmoid,0.5207459818308875
1470,7.0,3.0,ovr,3.0,sigmoid,0.5207023060796646
1471,7.0,3.0,ovo,3.0,sigmoid,0.5207023060796646
1472,8.0,1.0,ovr,0.5,sigmoid,0.5203965758211042
1473,8.0,1.0,ovo,0.5,sigmoid,0.5203965758211042
1474,7.0,0.0,ovo,3.0,sigmoid,0.5188242487770789
1475,7.0,0.0,ovr,3.0,sigmoid,0.5188242487770789
1476,2.0,3.0,ovo,0.5,sigmoid,0.5187805730258561
1477,2.0,3.0,ovr,0.5,sigmoid,0.5187805730258561
1478,5.0,3.0,ovo,1.0,sigmoid,0.5187368972746331
1479,8.0,0.0,ovr,3.0,sigmoid,0.5187368972746331
1480,8.0,0.0,ovo,3.0,sigmoid,0.5187368972746331
1481,5.0,3.0,ovr,1.0,sigmoid,0.5187368972746331
1482,4.0,3.0,ovr,3.0,sigmoid,0.516072676450035
1483,4.0,3.0,ovo,3.0,sigmoid,0.516072676450035
1484,3.0,3.0,ovo,1.0,sigmoid,0.5141072676450035
1485,3.0,3.0,ovr,1.0,sigmoid,0.5141072676450035
1486,4.0,3.0,ovr,1.0,sigmoid,0.5140199161425576
1487,4.0,3.0,ovo,1.0,sigmoid,0.5140199161425576
1488,1.0,2.0,ovo,1.0,sigmoid,0.5137578616352201
1489,1.0,2.0,ovr,1.0,sigmoid,0.5137578616352201
1490,7.0,2.0,ovo,0.5,sigmoid,0.5118798043326345
1491,7.0,2.0,ovr,0.5,sigmoid,0.5118798043326345
1492,2.0,2.0,ovr,0.5,sigmoid,0.5095213137665968
1493,2.0,2.0,ovo,0.5,sigmoid,0.5095213137665968
1494,8.0,2.0,ovo,0.5,sigmoid,0.5094776380153738
1495,8.0,2.0,ovr,0.5,sigmoid,0.5094776380153738
1496,2.0,3.0,ovo,1.0,sigmoid,0.5093466107617051
1497,2.0,3.0,ovr,1.0,sigmoid,0.5093466107617051
1498,4.0,3.0,ovo,0.5,sigmoid,0.5092592592592593
1499,4.0,3.0,ovr,0.5,sigmoid,0.5092592592592593
1500,6.0,3.0,ovr,3.0,sigmoid,0.5090408805031447
1501,6.0,3.0,ovo,3.0,sigmoid,0.5090408805031447
1502,7.0,2.0,ovr,1.0,sigmoid,0.5089972047519218
1503,7.0,2.0,ovo,1.0,sigmoid,0.5089972047519218
1504,8.0,2.0,ovr,1.0,sigmoid,0.5089535290006989
1505,8.0,2.0,ovo,1.0,sigmoid,0.5089535290006989
1506,4.0,2.0,ovo,0.5,sigmoid,0.5072064989517819
1507,4.0,2.0,ovr,0.5,sigmoid,0.5072064989517819
1508,1.0,3.0,ovo,1.0,sigmoid,0.5069881201956674
1509,1.0,3.0,ovr,1.0,sigmoid,0.5069881201956674
1510,5.0,3.0,ovo,0.5,sigmoid,0.5069007686932215
1511,5.0,3.0,ovr,0.5,sigmoid,0.5069007686932215
1512,6.0,2.0,ovr,0.5,sigmoid,0.5048480083857443
1513,6.0,2.0,ovo,0.5,sigmoid,0.5048480083857443
1514,1.0,3.0,ovr,0.5,sigmoid,0.5045422781271838
1515,6.0,3.0,ovr,0.5,sigmoid,0.5045422781271838
1516,6.0,3.0,ovo,0.5,sigmoid,0.5045422781271838
1517,1.0,3.0,ovo,0.5,sigmoid,0.5045422781271838
1518,3.0,2.0,ovr,0.5,sigmoid,0.5024895178197064
1519,3.0,2.0,ovo,0.5,sigmoid,0.5024895178197064
1520,3.0,2.0,ovr,1.0,sigmoid,0.5021401118099231
1521,3.0,2.0,ovo,1.0,sigmoid,0.5021401118099231
1522,4.0,2.0,ovr,1.0,sigmoid,0.5020527603074774
1523,5.0,2.0,ovo,1.0,sigmoid,0.5020527603074774
1524,4.0,2.0,ovo,1.0,sigmoid,0.5020527603074774
1525,5.0,2.0,ovr,1.0,sigmoid,0.5020527603074774
1526,2.0,2.0,ovr,1.0,sigmoid,0.49982529699510836
1527,2.0,2.0,ovo,1.0,sigmoid,0.49982529699510836
1528,3.0,3.0,ovo,0.5,sigmoid,0.4998252969951083
1529,3.0,3.0,ovr,0.5,sigmoid,0.4998252969951083
1530,8.0,3.0,ovr,0.5,sigmoid,0.4951083158630329
1531,7.0,3.0,ovr,0.5,sigmoid,0.4951083158630329
1532,8.0,3.0,ovo,0.5,sigmoid,0.4951083158630329
1533,7.0,3.0,ovo,0.5,sigmoid,0.4951083158630329
1534,6.0,2.0,ovo,1.0,sigmoid,0.48807651991614254
1535,6.0,2.0,ovr,1.0,sigmoid,0.48807651991614254
